"","shoe_name","website","price_date","price"
"0","Converse Chuck Taylor All Star High","NIKE","22-10-2019","78"
"1","Converse Chuck Taylor All Star High","NIKE","21-10-2019","75"
"2","Converse Chuck Taylor All Star High","NIKE","20-10-2019","77"
"3","Converse Chuck Taylor All Star High","NIKE","19-10-2019","74"
"4","Converse Chuck Taylor All Star High","NIKE","18-10-2019","71"
"5","Converse Chuck Taylor All Star High","NIKE","17-10-2019","77"
"6","Converse Chuck Taylor All Star High","NIKE","16-10-2019","79"
"7","Converse Chuck Taylor All Star High","NIKE","15-10-2019","74"
"8","Converse Chuck Taylor All Star High","NIKE","14-10-2019","69"
"9","Converse Chuck Taylor All Star High","NIKE","13-10-2019","70"
"10","Converse Chuck Taylor All Star High","NIKE","12-10-2019","68"
"11","Converse Chuck Taylor All Star High","NIKE","11-10-2019","78"
"12","Converse Chuck Taylor All Star High","NIKE","10-10-2019","72"
"13","Converse Chuck Taylor All Star High","NIKE","09-10-2019","70"
"14","Converse Chuck Taylor All Star High","NIKE","08-10-2019","75"
"15","Converse Chuck Taylor All Star High","NIKE","07-10-2019","65"
"16","Converse Chuck Taylor All Star High","NIKE","06-10-2019","71"
"17","Converse Chuck Taylor All Star High","NIKE","05-10-2019","76"
"18","Converse Chuck Taylor All Star High","NIKE","04-10-2019","77"
"19","Converse Chuck Taylor All Star High","NIKE","03-10-2019","69"
"20","Converse Chuck Taylor All Star High","NIKE","02-10-2019","71"
"21","Converse Chuck Taylor All Star High","NIKE","01-10-2019","76"
"22","Converse Chuck Taylor All Star High","NIKE","30-09-2019","64"
"23","Converse Chuck Taylor All Star High","NIKE","29-09-2019","68"
"24","Converse Chuck Taylor All Star High","NIKE","28-09-2019","73"
"25","Converse Chuck Taylor All Star High","NIKE","27-09-2019","64"
"26","Converse Chuck Taylor All Star High","NIKE","26-09-2019","76"
"27","Converse Chuck Taylor All Star High","NIKE","25-09-2019","73"
"28","Converse Chuck Taylor All Star High","NIKE","24-09-2019","65"
"29","Converse Chuck Taylor All Star High","NIKE","23-09-2019","68"
"0","Converse Chuck Taylor All Star High","FL","22-10-2019","65"
"1","Converse Chuck Taylor All Star High","FL","21-10-2019","70"
"2","Converse Chuck Taylor All Star High","FL","20-10-2019","65"
"3","Converse Chuck Taylor All Star High","FL","19-10-2019","73"
"4","Converse Chuck Taylor All Star High","FL","18-10-2019","71"
"5","Converse Chuck Taylor All Star High","FL","17-10-2019","73"
"6","Converse Chuck Taylor All Star High","FL","16-10-2019","71"
"7","Converse Chuck Taylor All Star High","FL","15-10-2019","76"
"8","Converse Chuck Taylor All Star High","FL","14-10-2019","74"
"9","Converse Chuck Taylor All Star High","FL","13-10-2019","75"
"10","Converse Chuck Taylor All Star High","FL","12-10-2019","70"
"11","Converse Chuck Taylor All Star High","FL","11-10-2019","77"
"12","Converse Chuck Taylor All Star High","FL","10-10-2019","69"
"13","Converse Chuck Taylor All Star High","FL","09-10-2019","68"
"14","Converse Chuck Taylor All Star High","FL","08-10-2019","64"
"15","Converse Chuck Taylor All Star High","FL","07-10-2019","76"
"16","Converse Chuck Taylor All Star High","FL","06-10-2019","71"
"17","Converse Chuck Taylor All Star High","FL","05-10-2019","71"
"18","Converse Chuck Taylor All Star High","FL","04-10-2019","66"
"19","Converse Chuck Taylor All Star High","FL","03-10-2019","76"
"20","Converse Chuck Taylor All Star High","FL","02-10-2019","69"
"21","Converse Chuck Taylor All Star High","FL","01-10-2019","76"
"22","Converse Chuck Taylor All Star High","FL","30-09-2019","68"
"23","Converse Chuck Taylor All Star High","FL","29-09-2019","69"
"24","Converse Chuck Taylor All Star High","FL","28-09-2019","71"
"25","Converse Chuck Taylor All Star High","FL","27-09-2019","72"
"26","Converse Chuck Taylor All Star High","FL","26-09-2019","66"
"27","Converse Chuck Taylor All Star High","FL","25-09-2019","64"
"28","Converse Chuck Taylor All Star High","FL","24-09-2019","79"
"29","Converse Chuck Taylor All Star High","FL","23-09-2019","65"
"0","Converse Chuck Taylor All Star High","JD","22-10-2019","65"
"1","Converse Chuck Taylor All Star High","JD","21-10-2019","79"
"2","Converse Chuck Taylor All Star High","JD","20-10-2019","71"
"3","Converse Chuck Taylor All Star High","JD","19-10-2019","69"
"4","Converse Chuck Taylor All Star High","JD","18-10-2019","75"
"5","Converse Chuck Taylor All Star High","JD","17-10-2019","70"
"6","Converse Chuck Taylor All Star High","JD","16-10-2019","75"
"7","Converse Chuck Taylor All Star High","JD","15-10-2019","73"
"8","Converse Chuck Taylor All Star High","JD","14-10-2019","72"
"9","Converse Chuck Taylor All Star High","JD","13-10-2019","75"
"10","Converse Chuck Taylor All Star High","JD","12-10-2019","65"
"11","Converse Chuck Taylor All Star High","JD","11-10-2019","74"
"12","Converse Chuck Taylor All Star High","JD","10-10-2019","71"
"13","Converse Chuck Taylor All Star High","JD","09-10-2019","78"
"14","Converse Chuck Taylor All Star High","JD","08-10-2019","67"
"15","Converse Chuck Taylor All Star High","JD","07-10-2019","70"
"16","Converse Chuck Taylor All Star High","JD","06-10-2019","76"
"17","Converse Chuck Taylor All Star High","JD","05-10-2019","76"
"18","Converse Chuck Taylor All Star High","JD","04-10-2019","65"
"19","Converse Chuck Taylor All Star High","JD","03-10-2019","69"
"20","Converse Chuck Taylor All Star High","JD","02-10-2019","74"
"21","Converse Chuck Taylor All Star High","JD","01-10-2019","76"
"22","Converse Chuck Taylor All Star High","JD","30-09-2019","75"
"23","Converse Chuck Taylor All Star High","JD","29-09-2019","73"
"24","Converse Chuck Taylor All Star High","JD","28-09-2019","68"
"25","Converse Chuck Taylor All Star High","JD","27-09-2019","72"
"26","Converse Chuck Taylor All Star High","JD","26-09-2019","78"
"27","Converse Chuck Taylor All Star High","JD","25-09-2019","68"
"28","Converse Chuck Taylor All Star High","JD","24-09-2019","75"
"29","Converse Chuck Taylor All Star High","JD","23-09-2019","78"
"0","Nike Vapormax 2019 Utility","NIKE","22-10-2019","268"
"1","Nike Vapormax 2019 Utility","NIKE","21-10-2019","271"
"2","Nike Vapormax 2019 Utility","NIKE","20-10-2019","279"
"3","Nike Vapormax 2019 Utility","NIKE","19-10-2019","277"
"4","Nike Vapormax 2019 Utility","NIKE","18-10-2019","271"
"5","Nike Vapormax 2019 Utility","NIKE","17-10-2019","265"
"6","Nike Vapormax 2019 Utility","NIKE","16-10-2019","274"
"7","Nike Vapormax 2019 Utility","NIKE","15-10-2019","276"
"8","Nike Vapormax 2019 Utility","NIKE","14-10-2019","268"
"9","Nike Vapormax 2019 Utility","NIKE","13-10-2019","274"
"10","Nike Vapormax 2019 Utility","NIKE","12-10-2019","265"
"11","Nike Vapormax 2019 Utility","NIKE","11-10-2019","271"
"12","Nike Vapormax 2019 Utility","NIKE","10-10-2019","275"
"13","Nike Vapormax 2019 Utility","NIKE","09-10-2019","273"
"14","Nike Vapormax 2019 Utility","NIKE","08-10-2019","265"
"15","Nike Vapormax 2019 Utility","NIKE","07-10-2019","264"
"16","Nike Vapormax 2019 Utility","NIKE","06-10-2019","273"
"17","Nike Vapormax 2019 Utility","NIKE","05-10-2019","277"
"18","Nike Vapormax 2019 Utility","NIKE","04-10-2019","271"
"19","Nike Vapormax 2019 Utility","NIKE","03-10-2019","269"
"20","Nike Vapormax 2019 Utility","NIKE","02-10-2019","271"
"21","Nike Vapormax 2019 Utility","NIKE","01-10-2019","265"
"22","Nike Vapormax 2019 Utility","NIKE","30-09-2019","270"
"23","Nike Vapormax 2019 Utility","NIKE","29-09-2019","271"
"24","Nike Vapormax 2019 Utility","NIKE","28-09-2019","269"
"25","Nike Vapormax 2019 Utility","NIKE","27-09-2019","274"
"26","Nike Vapormax 2019 Utility","NIKE","26-09-2019","266"
"27","Nike Vapormax 2019 Utility","NIKE","25-09-2019","273"
"28","Nike Vapormax 2019 Utility","NIKE","24-09-2019","274"
"29","Nike Vapormax 2019 Utility","NIKE","23-09-2019","270"
"0","Nike Vapormax 2019 Utility","FL","22-10-2019","272"
"1","Nike Vapormax 2019 Utility","FL","21-10-2019","270"
"2","Nike Vapormax 2019 Utility","FL","20-10-2019","265"
"3","Nike Vapormax 2019 Utility","FL","19-10-2019","277"
"4","Nike Vapormax 2019 Utility","FL","18-10-2019","279"
"5","Nike Vapormax 2019 Utility","FL","17-10-2019","276"
"6","Nike Vapormax 2019 Utility","FL","16-10-2019","277"
"7","Nike Vapormax 2019 Utility","FL","15-10-2019","279"
"8","Nike Vapormax 2019 Utility","FL","14-10-2019","267"
"9","Nike Vapormax 2019 Utility","FL","13-10-2019","273"
"10","Nike Vapormax 2019 Utility","FL","12-10-2019","271"
"11","Nike Vapormax 2019 Utility","FL","11-10-2019","275"
"12","Nike Vapormax 2019 Utility","FL","10-10-2019","275"
"13","Nike Vapormax 2019 Utility","FL","09-10-2019","264"
"14","Nike Vapormax 2019 Utility","FL","08-10-2019","274"
"15","Nike Vapormax 2019 Utility","FL","07-10-2019","265"
"16","Nike Vapormax 2019 Utility","FL","06-10-2019","279"
"17","Nike Vapormax 2019 Utility","FL","05-10-2019","268"
"18","Nike Vapormax 2019 Utility","FL","04-10-2019","274"
"19","Nike Vapormax 2019 Utility","FL","03-10-2019","267"
"20","Nike Vapormax 2019 Utility","FL","02-10-2019","278"
"21","Nike Vapormax 2019 Utility","FL","01-10-2019","271"
"22","Nike Vapormax 2019 Utility","FL","30-09-2019","276"
"23","Nike Vapormax 2019 Utility","FL","29-09-2019","268"
"24","Nike Vapormax 2019 Utility","FL","28-09-2019","277"
"25","Nike Vapormax 2019 Utility","FL","27-09-2019","265"
"26","Nike Vapormax 2019 Utility","FL","26-09-2019","267"
"27","Nike Vapormax 2019 Utility","FL","25-09-2019","274"
"28","Nike Vapormax 2019 Utility","FL","24-09-2019","268"
"29","Nike Vapormax 2019 Utility","FL","23-09-2019","264"
"0","Nike Vapormax 2019 Utility","JD","22-10-2019","264"
"1","Nike Vapormax 2019 Utility","JD","21-10-2019","271"
"2","Nike Vapormax 2019 Utility","JD","20-10-2019","269"
"3","Nike Vapormax 2019 Utility","JD","19-10-2019","270"
"4","Nike Vapormax 2019 Utility","JD","18-10-2019","278"
"5","Nike Vapormax 2019 Utility","JD","17-10-2019","271"
"6","Nike Vapormax 2019 Utility","JD","16-10-2019","277"
"7","Nike Vapormax 2019 Utility","JD","15-10-2019","271"
"8","Nike Vapormax 2019 Utility","JD","14-10-2019","279"
"9","Nike Vapormax 2019 Utility","JD","13-10-2019","264"
"10","Nike Vapormax 2019 Utility","JD","12-10-2019","278"
"11","Nike Vapormax 2019 Utility","JD","11-10-2019","270"
"12","Nike Vapormax 2019 Utility","JD","10-10-2019","267"
"13","Nike Vapormax 2019 Utility","JD","09-10-2019","272"
"14","Nike Vapormax 2019 Utility","JD","08-10-2019","279"
"15","Nike Vapormax 2019 Utility","JD","07-10-2019","264"
"16","Nike Vapormax 2019 Utility","JD","06-10-2019","271"
"17","Nike Vapormax 2019 Utility","JD","05-10-2019","268"
"18","Nike Vapormax 2019 Utility","JD","04-10-2019","266"
"19","Nike Vapormax 2019 Utility","JD","03-10-2019","264"
"20","Nike Vapormax 2019 Utility","JD","02-10-2019","265"
"21","Nike Vapormax 2019 Utility","JD","01-10-2019","274"
"22","Nike Vapormax 2019 Utility","JD","30-09-2019","269"
"23","Nike Vapormax 2019 Utility","JD","29-09-2019","277"
"24","Nike Vapormax 2019 Utility","JD","28-09-2019","267"
"25","Nike Vapormax 2019 Utility","JD","27-09-2019","268"
"26","Nike Vapormax 2019 Utility","JD","26-09-2019","270"
"27","Nike Vapormax 2019 Utility","JD","25-09-2019","267"
"28","Nike Vapormax 2019 Utility","JD","24-09-2019","272"
"29","Nike Vapormax 2019 Utility","JD","23-09-2019","279"
"0","Jordan Mars 270","NIKE","22-10-2019","236"
"1","Jordan Mars 270","NIKE","21-10-2019","237"
"2","Jordan Mars 270","NIKE","20-10-2019","247"
"3","Jordan Mars 270","NIKE","19-10-2019","243"
"4","Jordan Mars 270","NIKE","18-10-2019","245"
"5","Jordan Mars 270","NIKE","17-10-2019","246"
"6","Jordan Mars 270","NIKE","16-10-2019","241"
"7","Jordan Mars 270","NIKE","15-10-2019","234"
"8","Jordan Mars 270","NIKE","14-10-2019","246"
"9","Jordan Mars 270","NIKE","13-10-2019","244"
"10","Jordan Mars 270","NIKE","12-10-2019","234"
"11","Jordan Mars 270","NIKE","11-10-2019","236"
"12","Jordan Mars 270","NIKE","10-10-2019","239"
"13","Jordan Mars 270","NIKE","09-10-2019","235"
"14","Jordan Mars 270","NIKE","08-10-2019","247"
"15","Jordan Mars 270","NIKE","07-10-2019","241"
"16","Jordan Mars 270","NIKE","06-10-2019","243"
"17","Jordan Mars 270","NIKE","05-10-2019","241"
"18","Jordan Mars 270","NIKE","04-10-2019","235"
"19","Jordan Mars 270","NIKE","03-10-2019","247"
"20","Jordan Mars 270","NIKE","02-10-2019","237"
"21","Jordan Mars 270","NIKE","01-10-2019","248"
"22","Jordan Mars 270","NIKE","30-09-2019","246"
"23","Jordan Mars 270","NIKE","29-09-2019","235"
"24","Jordan Mars 270","NIKE","28-09-2019","240"
"25","Jordan Mars 270","NIKE","27-09-2019","234"
"26","Jordan Mars 270","NIKE","26-09-2019","245"
"27","Jordan Mars 270","NIKE","25-09-2019","236"
"28","Jordan Mars 270","NIKE","24-09-2019","247"
"29","Jordan Mars 270","NIKE","23-09-2019","236"
"0","Jordan Mars 270","FL","22-10-2019","241"
"1","Jordan Mars 270","FL","21-10-2019","237"
"2","Jordan Mars 270","FL","20-10-2019","240"
"3","Jordan Mars 270","FL","19-10-2019","238"
"4","Jordan Mars 270","FL","18-10-2019","244"
"5","Jordan Mars 270","FL","17-10-2019","248"
"6","Jordan Mars 270","FL","16-10-2019","248"
"7","Jordan Mars 270","FL","15-10-2019","246"
"8","Jordan Mars 270","FL","14-10-2019","240"
"9","Jordan Mars 270","FL","13-10-2019","240"
"10","Jordan Mars 270","FL","12-10-2019","247"
"11","Jordan Mars 270","FL","11-10-2019","242"
"12","Jordan Mars 270","FL","10-10-2019","248"
"13","Jordan Mars 270","FL","09-10-2019","242"
"14","Jordan Mars 270","FL","08-10-2019","234"
"15","Jordan Mars 270","FL","07-10-2019","237"
"16","Jordan Mars 270","FL","06-10-2019","242"
"17","Jordan Mars 270","FL","05-10-2019","241"
"18","Jordan Mars 270","FL","04-10-2019","242"
"19","Jordan Mars 270","FL","03-10-2019","246"
"20","Jordan Mars 270","FL","02-10-2019","241"
"21","Jordan Mars 270","FL","01-10-2019","242"
"22","Jordan Mars 270","FL","30-09-2019","239"
"23","Jordan Mars 270","FL","29-09-2019","243"
"24","Jordan Mars 270","FL","28-09-2019","245"
"25","Jordan Mars 270","FL","27-09-2019","249"
"26","Jordan Mars 270","FL","26-09-2019","245"
"27","Jordan Mars 270","FL","25-09-2019","240"
"28","Jordan Mars 270","FL","24-09-2019","242"
"29","Jordan Mars 270","FL","23-09-2019","244"
"0","Jordan Mars 270","JD","22-10-2019","244"
"1","Jordan Mars 270","JD","21-10-2019","248"
"2","Jordan Mars 270","JD","20-10-2019","244"
"3","Jordan Mars 270","JD","19-10-2019","238"
"4","Jordan Mars 270","JD","18-10-2019","247"
"5","Jordan Mars 270","JD","17-10-2019","242"
"6","Jordan Mars 270","JD","16-10-2019","245"
"7","Jordan Mars 270","JD","15-10-2019","236"
"8","Jordan Mars 270","JD","14-10-2019","247"
"9","Jordan Mars 270","JD","13-10-2019","247"
"10","Jordan Mars 270","JD","12-10-2019","244"
"11","Jordan Mars 270","JD","11-10-2019","244"
"12","Jordan Mars 270","JD","10-10-2019","248"
"13","Jordan Mars 270","JD","09-10-2019","235"
"14","Jordan Mars 270","JD","08-10-2019","247"
"15","Jordan Mars 270","JD","07-10-2019","249"
"16","Jordan Mars 270","JD","06-10-2019","234"
"17","Jordan Mars 270","JD","05-10-2019","242"
"18","Jordan Mars 270","JD","04-10-2019","241"
"19","Jordan Mars 270","JD","03-10-2019","245"
"20","Jordan Mars 270","JD","02-10-2019","245"
"21","Jordan Mars 270","JD","01-10-2019","241"
"22","Jordan Mars 270","JD","30-09-2019","239"
"23","Jordan Mars 270","JD","29-09-2019","246"
"24","Jordan Mars 270","JD","28-09-2019","237"
"25","Jordan Mars 270","JD","27-09-2019","243"
"26","Jordan Mars 270","JD","26-09-2019","244"
"27","Jordan Mars 270","JD","25-09-2019","236"
"28","Jordan Mars 270","JD","24-09-2019","245"
"29","Jordan Mars 270","JD","23-09-2019","238"
"0","adidas Superstar","NIKE","22-10-2019","127"
"1","adidas Superstar","NIKE","21-10-2019","132"
"2","adidas Superstar","NIKE","20-10-2019","131"
"3","adidas Superstar","NIKE","19-10-2019","138"
"4","adidas Superstar","NIKE","18-10-2019","137"
"5","adidas Superstar","NIKE","17-10-2019","131"
"6","adidas Superstar","NIKE","16-10-2019","125"
"7","adidas Superstar","NIKE","15-10-2019","133"
"8","adidas Superstar","NIKE","14-10-2019","132"
"9","adidas Superstar","NIKE","13-10-2019","134"
"10","adidas Superstar","NIKE","12-10-2019","125"
"11","adidas Superstar","NIKE","11-10-2019","133"
"12","adidas Superstar","NIKE","10-10-2019","130"
"13","adidas Superstar","NIKE","09-10-2019","130"
"14","adidas Superstar","NIKE","08-10-2019","136"
"15","adidas Superstar","NIKE","07-10-2019","128"
"16","adidas Superstar","NIKE","06-10-2019","133"
"17","adidas Superstar","NIKE","05-10-2019","131"
"18","adidas Superstar","NIKE","04-10-2019","128"
"19","adidas Superstar","NIKE","03-10-2019","128"
"20","adidas Superstar","NIKE","02-10-2019","128"
"21","adidas Superstar","NIKE","01-10-2019","124"
"22","adidas Superstar","NIKE","30-09-2019","124"
"23","adidas Superstar","NIKE","29-09-2019","131"
"24","adidas Superstar","NIKE","28-09-2019","134"
"25","adidas Superstar","NIKE","27-09-2019","124"
"26","adidas Superstar","NIKE","26-09-2019","129"
"27","adidas Superstar","NIKE","25-09-2019","129"
"28","adidas Superstar","NIKE","24-09-2019","124"
"29","adidas Superstar","NIKE","23-09-2019","133"
"0","adidas Superstar","FL","22-10-2019","135"
"1","adidas Superstar","FL","21-10-2019","131"
"2","adidas Superstar","FL","20-10-2019","125"
"3","adidas Superstar","FL","19-10-2019","126"
"4","adidas Superstar","FL","18-10-2019","130"
"5","adidas Superstar","FL","17-10-2019","130"
"6","adidas Superstar","FL","16-10-2019","137"
"7","adidas Superstar","FL","15-10-2019","125"
"8","adidas Superstar","FL","14-10-2019","139"
"9","adidas Superstar","FL","13-10-2019","127"
"10","adidas Superstar","FL","12-10-2019","126"
"11","adidas Superstar","FL","11-10-2019","127"
"12","adidas Superstar","FL","10-10-2019","135"
"13","adidas Superstar","FL","09-10-2019","133"
"14","adidas Superstar","FL","08-10-2019","136"
"15","adidas Superstar","FL","07-10-2019","134"
"16","adidas Superstar","FL","06-10-2019","131"
"17","adidas Superstar","FL","05-10-2019","135"
"18","adidas Superstar","FL","04-10-2019","126"
"19","adidas Superstar","FL","03-10-2019","129"
"20","adidas Superstar","FL","02-10-2019","127"
"21","adidas Superstar","FL","01-10-2019","124"
"22","adidas Superstar","FL","30-09-2019","135"
"23","adidas Superstar","FL","29-09-2019","139"
"24","adidas Superstar","FL","28-09-2019","134"
"25","adidas Superstar","FL","27-09-2019","133"
"26","adidas Superstar","FL","26-09-2019","132"
"27","adidas Superstar","FL","25-09-2019","138"
"28","adidas Superstar","FL","24-09-2019","126"
"29","adidas Superstar","FL","23-09-2019","132"
"0","adidas Superstar","JD","22-10-2019","137"
"1","adidas Superstar","JD","21-10-2019","139"
"2","adidas Superstar","JD","20-10-2019","127"
"3","adidas Superstar","JD","19-10-2019","129"
"4","adidas Superstar","JD","18-10-2019","124"
"5","adidas Superstar","JD","17-10-2019","124"
"6","adidas Superstar","JD","16-10-2019","131"
"7","adidas Superstar","JD","15-10-2019","131"
"8","adidas Superstar","JD","14-10-2019","138"
"9","adidas Superstar","JD","13-10-2019","139"
"10","adidas Superstar","JD","12-10-2019","133"
"11","adidas Superstar","JD","11-10-2019","124"
"12","adidas Superstar","JD","10-10-2019","124"
"13","adidas Superstar","JD","09-10-2019","133"
"14","adidas Superstar","JD","08-10-2019","138"
"15","adidas Superstar","JD","07-10-2019","129"
"16","adidas Superstar","JD","06-10-2019","125"
"17","adidas Superstar","JD","05-10-2019","132"
"18","adidas Superstar","JD","04-10-2019","139"
"19","adidas Superstar","JD","03-10-2019","133"
"20","adidas Superstar","JD","02-10-2019","132"
"21","adidas Superstar","JD","01-10-2019","130"
"22","adidas Superstar","JD","30-09-2019","139"
"23","adidas Superstar","JD","29-09-2019","139"
"24","adidas Superstar","JD","28-09-2019","131"
"25","adidas Superstar","JD","27-09-2019","139"
"26","adidas Superstar","JD","26-09-2019","137"
"27","adidas Superstar","JD","25-09-2019","126"
"28","adidas Superstar","JD","24-09-2019","137"
"29","adidas Superstar","JD","23-09-2019","129"
"0","Nike Tuned 1","NIKE","22-10-2019","249"
"1","Nike Tuned 1","NIKE","21-10-2019","240"
"2","Nike Tuned 1","NIKE","20-10-2019","242"
"3","Nike Tuned 1","NIKE","19-10-2019","237"
"4","Nike Tuned 1","NIKE","18-10-2019","247"
"5","Nike Tuned 1","NIKE","17-10-2019","237"
"6","Nike Tuned 1","NIKE","16-10-2019","242"
"7","Nike Tuned 1","NIKE","15-10-2019","247"
"8","Nike Tuned 1","NIKE","14-10-2019","249"
"9","Nike Tuned 1","NIKE","13-10-2019","247"
"10","Nike Tuned 1","NIKE","12-10-2019","242"
"11","Nike Tuned 1","NIKE","11-10-2019","247"
"12","Nike Tuned 1","NIKE","10-10-2019","245"
"13","Nike Tuned 1","NIKE","09-10-2019","249"
"14","Nike Tuned 1","NIKE","08-10-2019","240"
"15","Nike Tuned 1","NIKE","07-10-2019","235"
"16","Nike Tuned 1","NIKE","06-10-2019","239"
"17","Nike Tuned 1","NIKE","05-10-2019","238"
"18","Nike Tuned 1","NIKE","04-10-2019","243"
"19","Nike Tuned 1","NIKE","03-10-2019","244"
"20","Nike Tuned 1","NIKE","02-10-2019","238"
"21","Nike Tuned 1","NIKE","01-10-2019","245"
"22","Nike Tuned 1","NIKE","30-09-2019","247"
"23","Nike Tuned 1","NIKE","29-09-2019","239"
"24","Nike Tuned 1","NIKE","28-09-2019","236"
"25","Nike Tuned 1","NIKE","27-09-2019","240"
"26","Nike Tuned 1","NIKE","26-09-2019","243"
"27","Nike Tuned 1","NIKE","25-09-2019","246"
"28","Nike Tuned 1","NIKE","24-09-2019","239"
"29","Nike Tuned 1","NIKE","23-09-2019","242"
"0","Nike Tuned 1","FL","22-10-2019","245"
"1","Nike Tuned 1","FL","21-10-2019","242"
"2","Nike Tuned 1","FL","20-10-2019","244"
"3","Nike Tuned 1","FL","19-10-2019","249"
"4","Nike Tuned 1","FL","18-10-2019","247"
"5","Nike Tuned 1","FL","17-10-2019","241"
"6","Nike Tuned 1","FL","16-10-2019","242"
"7","Nike Tuned 1","FL","15-10-2019","238"
"8","Nike Tuned 1","FL","14-10-2019","248"
"9","Nike Tuned 1","FL","13-10-2019","238"
"10","Nike Tuned 1","FL","12-10-2019","242"
"11","Nike Tuned 1","FL","11-10-2019","244"
"12","Nike Tuned 1","FL","10-10-2019","249"
"13","Nike Tuned 1","FL","09-10-2019","245"
"14","Nike Tuned 1","FL","08-10-2019","239"
"15","Nike Tuned 1","FL","07-10-2019","235"
"16","Nike Tuned 1","FL","06-10-2019","237"
"17","Nike Tuned 1","FL","05-10-2019","247"
"18","Nike Tuned 1","FL","04-10-2019","249"
"19","Nike Tuned 1","FL","03-10-2019","245"
"20","Nike Tuned 1","FL","02-10-2019","247"
"21","Nike Tuned 1","FL","01-10-2019","238"
"22","Nike Tuned 1","FL","30-09-2019","242"
"23","Nike Tuned 1","FL","29-09-2019","235"
"24","Nike Tuned 1","FL","28-09-2019","245"
"25","Nike Tuned 1","FL","27-09-2019","240"
"26","Nike Tuned 1","FL","26-09-2019","241"
"27","Nike Tuned 1","FL","25-09-2019","235"
"28","Nike Tuned 1","FL","24-09-2019","237"
"29","Nike Tuned 1","FL","23-09-2019","246"
"0","Nike Tuned 1","JD","22-10-2019","235"
"1","Nike Tuned 1","JD","21-10-2019","248"
"2","Nike Tuned 1","JD","20-10-2019","240"
"3","Nike Tuned 1","JD","19-10-2019","239"
"4","Nike Tuned 1","JD","18-10-2019","237"
"5","Nike Tuned 1","JD","17-10-2019","244"
"6","Nike Tuned 1","JD","16-10-2019","241"
"7","Nike Tuned 1","JD","15-10-2019","237"
"8","Nike Tuned 1","JD","14-10-2019","242"
"9","Nike Tuned 1","JD","13-10-2019","236"
"10","Nike Tuned 1","JD","12-10-2019","246"
"11","Nike Tuned 1","JD","11-10-2019","243"
"12","Nike Tuned 1","JD","10-10-2019","234"
"13","Nike Tuned 1","JD","09-10-2019","243"
"14","Nike Tuned 1","JD","08-10-2019","245"
"15","Nike Tuned 1","JD","07-10-2019","247"
"16","Nike Tuned 1","JD","06-10-2019","234"
"17","Nike Tuned 1","JD","05-10-2019","235"
"18","Nike Tuned 1","JD","04-10-2019","235"
"19","Nike Tuned 1","JD","03-10-2019","240"
"20","Nike Tuned 1","JD","02-10-2019","247"
"21","Nike Tuned 1","JD","01-10-2019","247"
"22","Nike Tuned 1","JD","30-09-2019","244"
"23","Nike Tuned 1","JD","29-09-2019","238"
"24","Nike Tuned 1","JD","28-09-2019","239"
"25","Nike Tuned 1","JD","27-09-2019","234"
"26","Nike Tuned 1","JD","26-09-2019","241"
"27","Nike Tuned 1","JD","25-09-2019","239"
"28","Nike Tuned 1","JD","24-09-2019","242"
"29","Nike Tuned 1","JD","23-09-2019","241"
"0","Champion Zone 93","NIKE","22-10-2019","151"
"1","Champion Zone 93","NIKE","21-10-2019","152"
"2","Champion Zone 93","NIKE","20-10-2019","158"
"3","Champion Zone 93","NIKE","19-10-2019","156"
"4","Champion Zone 93","NIKE","18-10-2019","145"
"5","Champion Zone 93","NIKE","17-10-2019","157"
"6","Champion Zone 93","NIKE","16-10-2019","152"
"7","Champion Zone 93","NIKE","15-10-2019","157"
"8","Champion Zone 93","NIKE","14-10-2019","145"
"9","Champion Zone 93","NIKE","13-10-2019","147"
"10","Champion Zone 93","NIKE","12-10-2019","151"
"11","Champion Zone 93","NIKE","11-10-2019","146"
"12","Champion Zone 93","NIKE","10-10-2019","156"
"13","Champion Zone 93","NIKE","09-10-2019","149"
"14","Champion Zone 93","NIKE","08-10-2019","154"
"15","Champion Zone 93","NIKE","07-10-2019","153"
"16","Champion Zone 93","NIKE","06-10-2019","157"
"17","Champion Zone 93","NIKE","05-10-2019","148"
"18","Champion Zone 93","NIKE","04-10-2019","148"
"19","Champion Zone 93","NIKE","03-10-2019","151"
"20","Champion Zone 93","NIKE","02-10-2019","157"
"21","Champion Zone 93","NIKE","01-10-2019","151"
"22","Champion Zone 93","NIKE","30-09-2019","154"
"23","Champion Zone 93","NIKE","29-09-2019","151"
"24","Champion Zone 93","NIKE","28-09-2019","151"
"25","Champion Zone 93","NIKE","27-09-2019","156"
"26","Champion Zone 93","NIKE","26-09-2019","154"
"27","Champion Zone 93","NIKE","25-09-2019","145"
"28","Champion Zone 93","NIKE","24-09-2019","156"
"29","Champion Zone 93","NIKE","23-09-2019","150"
"0","Champion Zone 93","FL","22-10-2019","154"
"1","Champion Zone 93","FL","21-10-2019","158"
"2","Champion Zone 93","FL","20-10-2019","153"
"3","Champion Zone 93","FL","19-10-2019","158"
"4","Champion Zone 93","FL","18-10-2019","158"
"5","Champion Zone 93","FL","17-10-2019","155"
"6","Champion Zone 93","FL","16-10-2019","159"
"7","Champion Zone 93","FL","15-10-2019","144"
"8","Champion Zone 93","FL","14-10-2019","159"
"9","Champion Zone 93","FL","13-10-2019","158"
"10","Champion Zone 93","FL","12-10-2019","149"
"11","Champion Zone 93","FL","11-10-2019","146"
"12","Champion Zone 93","FL","10-10-2019","156"
"13","Champion Zone 93","FL","09-10-2019","145"
"14","Champion Zone 93","FL","08-10-2019","156"
"15","Champion Zone 93","FL","07-10-2019","159"
"16","Champion Zone 93","FL","06-10-2019","159"
"17","Champion Zone 93","FL","05-10-2019","144"
"18","Champion Zone 93","FL","04-10-2019","156"
"19","Champion Zone 93","FL","03-10-2019","149"
"20","Champion Zone 93","FL","02-10-2019","149"
"21","Champion Zone 93","FL","01-10-2019","151"
"22","Champion Zone 93","FL","30-09-2019","149"
"23","Champion Zone 93","FL","29-09-2019","155"
"24","Champion Zone 93","FL","28-09-2019","154"
"25","Champion Zone 93","FL","27-09-2019","153"
"26","Champion Zone 93","FL","26-09-2019","145"
"27","Champion Zone 93","FL","25-09-2019","147"
"28","Champion Zone 93","FL","24-09-2019","151"
"29","Champion Zone 93","FL","23-09-2019","149"
"0","Champion Zone 93","JD","22-10-2019","159"
"1","Champion Zone 93","JD","21-10-2019","153"
"2","Champion Zone 93","JD","20-10-2019","151"
"3","Champion Zone 93","JD","19-10-2019","144"
"4","Champion Zone 93","JD","18-10-2019","147"
"5","Champion Zone 93","JD","17-10-2019","156"
"6","Champion Zone 93","JD","16-10-2019","157"
"7","Champion Zone 93","JD","15-10-2019","149"
"8","Champion Zone 93","JD","14-10-2019","159"
"9","Champion Zone 93","JD","13-10-2019","159"
"10","Champion Zone 93","JD","12-10-2019","149"
"11","Champion Zone 93","JD","11-10-2019","159"
"12","Champion Zone 93","JD","10-10-2019","150"
"13","Champion Zone 93","JD","09-10-2019","150"
"14","Champion Zone 93","JD","08-10-2019","153"
"15","Champion Zone 93","JD","07-10-2019","155"
"16","Champion Zone 93","JD","06-10-2019","154"
"17","Champion Zone 93","JD","05-10-2019","156"
"18","Champion Zone 93","JD","04-10-2019","147"
"19","Champion Zone 93","JD","03-10-2019","144"
"20","Champion Zone 93","JD","02-10-2019","149"
"21","Champion Zone 93","JD","01-10-2019","151"
"22","Champion Zone 93","JD","30-09-2019","153"
"23","Champion Zone 93","JD","29-09-2019","158"
"24","Champion Zone 93","JD","28-09-2019","158"
"25","Champion Zone 93","JD","27-09-2019","153"
"26","Champion Zone 93","JD","26-09-2019","157"
"27","Champion Zone 93","JD","25-09-2019","159"
"28","Champion Zone 93","JD","24-09-2019","155"
"29","Champion Zone 93","JD","23-09-2019","157"
"0","Nike Air Force 1 Low","NIKE","22-10-2019","139"
"1","Nike Air Force 1 Low","NIKE","21-10-2019","140"
"2","Nike Air Force 1 Low","NIKE","20-10-2019","149"
"3","Nike Air Force 1 Low","NIKE","19-10-2019","138"
"4","Nike Air Force 1 Low","NIKE","18-10-2019","136"
"5","Nike Air Force 1 Low","NIKE","17-10-2019","137"
"6","Nike Air Force 1 Low","NIKE","16-10-2019","147"
"7","Nike Air Force 1 Low","NIKE","15-10-2019","136"
"8","Nike Air Force 1 Low","NIKE","14-10-2019","145"
"9","Nike Air Force 1 Low","NIKE","13-10-2019","149"
"10","Nike Air Force 1 Low","NIKE","12-10-2019","149"
"11","Nike Air Force 1 Low","NIKE","11-10-2019","147"
"12","Nike Air Force 1 Low","NIKE","10-10-2019","142"
"13","Nike Air Force 1 Low","NIKE","09-10-2019","141"
"14","Nike Air Force 1 Low","NIKE","08-10-2019","149"
"15","Nike Air Force 1 Low","NIKE","07-10-2019","147"
"16","Nike Air Force 1 Low","NIKE","06-10-2019","138"
"17","Nike Air Force 1 Low","NIKE","05-10-2019","136"
"18","Nike Air Force 1 Low","NIKE","04-10-2019","140"
"19","Nike Air Force 1 Low","NIKE","03-10-2019","149"
"20","Nike Air Force 1 Low","NIKE","02-10-2019","135"
"21","Nike Air Force 1 Low","NIKE","01-10-2019","140"
"22","Nike Air Force 1 Low","NIKE","30-09-2019","137"
"23","Nike Air Force 1 Low","NIKE","29-09-2019","147"
"24","Nike Air Force 1 Low","NIKE","28-09-2019","149"
"25","Nike Air Force 1 Low","NIKE","27-09-2019","136"
"26","Nike Air Force 1 Low","NIKE","26-09-2019","144"
"27","Nike Air Force 1 Low","NIKE","25-09-2019","139"
"28","Nike Air Force 1 Low","NIKE","24-09-2019","149"
"29","Nike Air Force 1 Low","NIKE","23-09-2019","148"
"0","Nike Air Force 1 Low","FL","22-10-2019","149"
"1","Nike Air Force 1 Low","FL","21-10-2019","134"
"2","Nike Air Force 1 Low","FL","20-10-2019","135"
"3","Nike Air Force 1 Low","FL","19-10-2019","146"
"4","Nike Air Force 1 Low","FL","18-10-2019","138"
"5","Nike Air Force 1 Low","FL","17-10-2019","138"
"6","Nike Air Force 1 Low","FL","16-10-2019","149"
"7","Nike Air Force 1 Low","FL","15-10-2019","137"
"8","Nike Air Force 1 Low","FL","14-10-2019","134"
"9","Nike Air Force 1 Low","FL","13-10-2019","144"
"10","Nike Air Force 1 Low","FL","12-10-2019","146"
"11","Nike Air Force 1 Low","FL","11-10-2019","147"
"12","Nike Air Force 1 Low","FL","10-10-2019","145"
"13","Nike Air Force 1 Low","FL","09-10-2019","140"
"14","Nike Air Force 1 Low","FL","08-10-2019","140"
"15","Nike Air Force 1 Low","FL","07-10-2019","142"
"16","Nike Air Force 1 Low","FL","06-10-2019","143"
"17","Nike Air Force 1 Low","FL","05-10-2019","144"
"18","Nike Air Force 1 Low","FL","04-10-2019","138"
"19","Nike Air Force 1 Low","FL","03-10-2019","141"
"20","Nike Air Force 1 Low","FL","02-10-2019","149"
"21","Nike Air Force 1 Low","FL","01-10-2019","148"
"22","Nike Air Force 1 Low","FL","30-09-2019","139"
"23","Nike Air Force 1 Low","FL","29-09-2019","143"
"24","Nike Air Force 1 Low","FL","28-09-2019","147"
"25","Nike Air Force 1 Low","FL","27-09-2019","139"
"26","Nike Air Force 1 Low","FL","26-09-2019","135"
"27","Nike Air Force 1 Low","FL","25-09-2019","145"
"28","Nike Air Force 1 Low","FL","24-09-2019","135"
"29","Nike Air Force 1 Low","FL","23-09-2019","141"
"0","Nike Air Force 1 Low","JD","22-10-2019","138"
"1","Nike Air Force 1 Low","JD","21-10-2019","145"
"2","Nike Air Force 1 Low","JD","20-10-2019","139"
"3","Nike Air Force 1 Low","JD","19-10-2019","149"
"4","Nike Air Force 1 Low","JD","18-10-2019","147"
"5","Nike Air Force 1 Low","JD","17-10-2019","142"
"6","Nike Air Force 1 Low","JD","16-10-2019","134"
"7","Nike Air Force 1 Low","JD","15-10-2019","137"
"8","Nike Air Force 1 Low","JD","14-10-2019","144"
"9","Nike Air Force 1 Low","JD","13-10-2019","146"
"10","Nike Air Force 1 Low","JD","12-10-2019","146"
"11","Nike Air Force 1 Low","JD","11-10-2019","139"
"12","Nike Air Force 1 Low","JD","10-10-2019","140"
"13","Nike Air Force 1 Low","JD","09-10-2019","149"
"14","Nike Air Force 1 Low","JD","08-10-2019","143"
"15","Nike Air Force 1 Low","JD","07-10-2019","147"
"16","Nike Air Force 1 Low","JD","06-10-2019","149"
"17","Nike Air Force 1 Low","JD","05-10-2019","145"
"18","Nike Air Force 1 Low","JD","04-10-2019","142"
"19","Nike Air Force 1 Low","JD","03-10-2019","149"
"20","Nike Air Force 1 Low","JD","02-10-2019","134"
"21","Nike Air Force 1 Low","JD","01-10-2019","145"
"22","Nike Air Force 1 Low","JD","30-09-2019","143"
"23","Nike Air Force 1 Low","JD","29-09-2019","138"
"24","Nike Air Force 1 Low","JD","28-09-2019","147"
"25","Nike Air Force 1 Low","JD","27-09-2019","147"
"26","Nike Air Force 1 Low","JD","26-09-2019","140"
"27","Nike Air Force 1 Low","JD","25-09-2019","136"
"28","Nike Air Force 1 Low","JD","24-09-2019","147"
"29","Nike Air Force 1 Low","JD","23-09-2019","140"
"0","Nike Tuned 1","NIKE","22-10-2019","245"
"1","Nike Tuned 1","NIKE","21-10-2019","247"
"2","Nike Tuned 1","NIKE","20-10-2019","236"
"3","Nike Tuned 1","NIKE","19-10-2019","234"
"4","Nike Tuned 1","NIKE","18-10-2019","235"
"5","Nike Tuned 1","NIKE","17-10-2019","248"
"6","Nike Tuned 1","NIKE","16-10-2019","238"
"7","Nike Tuned 1","NIKE","15-10-2019","248"
"8","Nike Tuned 1","NIKE","14-10-2019","238"
"9","Nike Tuned 1","NIKE","13-10-2019","239"
"10","Nike Tuned 1","NIKE","12-10-2019","236"
"11","Nike Tuned 1","NIKE","11-10-2019","238"
"12","Nike Tuned 1","NIKE","10-10-2019","245"
"13","Nike Tuned 1","NIKE","09-10-2019","234"
"14","Nike Tuned 1","NIKE","08-10-2019","248"
"15","Nike Tuned 1","NIKE","07-10-2019","242"
"16","Nike Tuned 1","NIKE","06-10-2019","241"
"17","Nike Tuned 1","NIKE","05-10-2019","236"
"18","Nike Tuned 1","NIKE","04-10-2019","238"
"19","Nike Tuned 1","NIKE","03-10-2019","239"
"20","Nike Tuned 1","NIKE","02-10-2019","238"
"21","Nike Tuned 1","NIKE","01-10-2019","234"
"22","Nike Tuned 1","NIKE","30-09-2019","236"
"23","Nike Tuned 1","NIKE","29-09-2019","247"
"24","Nike Tuned 1","NIKE","28-09-2019","238"
"25","Nike Tuned 1","NIKE","27-09-2019","237"
"26","Nike Tuned 1","NIKE","26-09-2019","234"
"27","Nike Tuned 1","NIKE","25-09-2019","235"
"28","Nike Tuned 1","NIKE","24-09-2019","234"
"29","Nike Tuned 1","NIKE","23-09-2019","238"
"0","Nike Tuned 1","FL","22-10-2019","236"
"1","Nike Tuned 1","FL","21-10-2019","248"
"2","Nike Tuned 1","FL","20-10-2019","236"
"3","Nike Tuned 1","FL","19-10-2019","243"
"4","Nike Tuned 1","FL","18-10-2019","237"
"5","Nike Tuned 1","FL","17-10-2019","243"
"6","Nike Tuned 1","FL","16-10-2019","244"
"7","Nike Tuned 1","FL","15-10-2019","237"
"8","Nike Tuned 1","FL","14-10-2019","244"
"9","Nike Tuned 1","FL","13-10-2019","235"
"10","Nike Tuned 1","FL","12-10-2019","242"
"11","Nike Tuned 1","FL","11-10-2019","234"
"12","Nike Tuned 1","FL","10-10-2019","249"
"13","Nike Tuned 1","FL","09-10-2019","234"
"14","Nike Tuned 1","FL","08-10-2019","236"
"15","Nike Tuned 1","FL","07-10-2019","240"
"16","Nike Tuned 1","FL","06-10-2019","248"
"17","Nike Tuned 1","FL","05-10-2019","245"
"18","Nike Tuned 1","FL","04-10-2019","245"
"19","Nike Tuned 1","FL","03-10-2019","247"
"20","Nike Tuned 1","FL","02-10-2019","248"
"21","Nike Tuned 1","FL","01-10-2019","236"
"22","Nike Tuned 1","FL","30-09-2019","239"
"23","Nike Tuned 1","FL","29-09-2019","245"
"24","Nike Tuned 1","FL","28-09-2019","237"
"25","Nike Tuned 1","FL","27-09-2019","240"
"26","Nike Tuned 1","FL","26-09-2019","236"
"27","Nike Tuned 1","FL","25-09-2019","235"
"28","Nike Tuned 1","FL","24-09-2019","245"
"29","Nike Tuned 1","FL","23-09-2019","237"
"0","Nike Tuned 1","JD","22-10-2019","235"
"1","Nike Tuned 1","JD","21-10-2019","247"
"2","Nike Tuned 1","JD","20-10-2019","238"
"3","Nike Tuned 1","JD","19-10-2019","234"
"4","Nike Tuned 1","JD","18-10-2019","247"
"5","Nike Tuned 1","JD","17-10-2019","237"
"6","Nike Tuned 1","JD","16-10-2019","240"
"7","Nike Tuned 1","JD","15-10-2019","244"
"8","Nike Tuned 1","JD","14-10-2019","234"
"9","Nike Tuned 1","JD","13-10-2019","237"
"10","Nike Tuned 1","JD","12-10-2019","240"
"11","Nike Tuned 1","JD","11-10-2019","234"
"12","Nike Tuned 1","JD","10-10-2019","249"
"13","Nike Tuned 1","JD","09-10-2019","244"
"14","Nike Tuned 1","JD","08-10-2019","237"
"15","Nike Tuned 1","JD","07-10-2019","242"
"16","Nike Tuned 1","JD","06-10-2019","246"
"17","Nike Tuned 1","JD","05-10-2019","243"
"18","Nike Tuned 1","JD","04-10-2019","247"
"19","Nike Tuned 1","JD","03-10-2019","244"
"20","Nike Tuned 1","JD","02-10-2019","247"
"21","Nike Tuned 1","JD","01-10-2019","244"
"22","Nike Tuned 1","JD","30-09-2019","245"
"23","Nike Tuned 1","JD","29-09-2019","249"
"24","Nike Tuned 1","JD","28-09-2019","239"
"25","Nike Tuned 1","JD","27-09-2019","246"
"26","Nike Tuned 1","JD","26-09-2019","239"
"27","Nike Tuned 1","JD","25-09-2019","246"
"28","Nike Tuned 1","JD","24-09-2019","249"
"29","Nike Tuned 1","JD","23-09-2019","237"
"0","Nike Air Force 1 Mid","NIKE","22-10-2019","153"
"1","Nike Air Force 1 Mid","NIKE","21-10-2019","144"
"2","Nike Air Force 1 Mid","NIKE","20-10-2019","144"
"3","Nike Air Force 1 Mid","NIKE","19-10-2019","156"
"4","Nike Air Force 1 Mid","NIKE","18-10-2019","144"
"5","Nike Air Force 1 Mid","NIKE","17-10-2019","144"
"6","Nike Air Force 1 Mid","NIKE","16-10-2019","154"
"7","Nike Air Force 1 Mid","NIKE","15-10-2019","148"
"8","Nike Air Force 1 Mid","NIKE","14-10-2019","159"
"9","Nike Air Force 1 Mid","NIKE","13-10-2019","155"
"10","Nike Air Force 1 Mid","NIKE","12-10-2019","152"
"11","Nike Air Force 1 Mid","NIKE","11-10-2019","153"
"12","Nike Air Force 1 Mid","NIKE","10-10-2019","157"
"13","Nike Air Force 1 Mid","NIKE","09-10-2019","148"
"14","Nike Air Force 1 Mid","NIKE","08-10-2019","144"
"15","Nike Air Force 1 Mid","NIKE","07-10-2019","155"
"16","Nike Air Force 1 Mid","NIKE","06-10-2019","145"
"17","Nike Air Force 1 Mid","NIKE","05-10-2019","156"
"18","Nike Air Force 1 Mid","NIKE","04-10-2019","144"
"19","Nike Air Force 1 Mid","NIKE","03-10-2019","158"
"20","Nike Air Force 1 Mid","NIKE","02-10-2019","155"
"21","Nike Air Force 1 Mid","NIKE","01-10-2019","153"
"22","Nike Air Force 1 Mid","NIKE","30-09-2019","148"
"23","Nike Air Force 1 Mid","NIKE","29-09-2019","156"
"24","Nike Air Force 1 Mid","NIKE","28-09-2019","146"
"25","Nike Air Force 1 Mid","NIKE","27-09-2019","149"
"26","Nike Air Force 1 Mid","NIKE","26-09-2019","147"
"27","Nike Air Force 1 Mid","NIKE","25-09-2019","148"
"28","Nike Air Force 1 Mid","NIKE","24-09-2019","155"
"29","Nike Air Force 1 Mid","NIKE","23-09-2019","145"
"0","Nike Air Force 1 Mid","FL","22-10-2019","159"
"1","Nike Air Force 1 Mid","FL","21-10-2019","146"
"2","Nike Air Force 1 Mid","FL","20-10-2019","144"
"3","Nike Air Force 1 Mid","FL","19-10-2019","146"
"4","Nike Air Force 1 Mid","FL","18-10-2019","155"
"5","Nike Air Force 1 Mid","FL","17-10-2019","156"
"6","Nike Air Force 1 Mid","FL","16-10-2019","156"
"7","Nike Air Force 1 Mid","FL","15-10-2019","157"
"8","Nike Air Force 1 Mid","FL","14-10-2019","144"
"9","Nike Air Force 1 Mid","FL","13-10-2019","144"
"10","Nike Air Force 1 Mid","FL","12-10-2019","157"
"11","Nike Air Force 1 Mid","FL","11-10-2019","145"
"12","Nike Air Force 1 Mid","FL","10-10-2019","153"
"13","Nike Air Force 1 Mid","FL","09-10-2019","155"
"14","Nike Air Force 1 Mid","FL","08-10-2019","153"
"15","Nike Air Force 1 Mid","FL","07-10-2019","156"
"16","Nike Air Force 1 Mid","FL","06-10-2019","150"
"17","Nike Air Force 1 Mid","FL","05-10-2019","144"
"18","Nike Air Force 1 Mid","FL","04-10-2019","149"
"19","Nike Air Force 1 Mid","FL","03-10-2019","151"
"20","Nike Air Force 1 Mid","FL","02-10-2019","158"
"21","Nike Air Force 1 Mid","FL","01-10-2019","156"
"22","Nike Air Force 1 Mid","FL","30-09-2019","155"
"23","Nike Air Force 1 Mid","FL","29-09-2019","148"
"24","Nike Air Force 1 Mid","FL","28-09-2019","155"
"25","Nike Air Force 1 Mid","FL","27-09-2019","144"
"26","Nike Air Force 1 Mid","FL","26-09-2019","159"
"27","Nike Air Force 1 Mid","FL","25-09-2019","151"
"28","Nike Air Force 1 Mid","FL","24-09-2019","144"
"29","Nike Air Force 1 Mid","FL","23-09-2019","149"
"0","Nike Air Force 1 Mid","JD","22-10-2019","145"
"1","Nike Air Force 1 Mid","JD","21-10-2019","153"
"2","Nike Air Force 1 Mid","JD","20-10-2019","144"
"3","Nike Air Force 1 Mid","JD","19-10-2019","146"
"4","Nike Air Force 1 Mid","JD","18-10-2019","155"
"5","Nike Air Force 1 Mid","JD","17-10-2019","146"
"6","Nike Air Force 1 Mid","JD","16-10-2019","148"
"7","Nike Air Force 1 Mid","JD","15-10-2019","150"
"8","Nike Air Force 1 Mid","JD","14-10-2019","151"
"9","Nike Air Force 1 Mid","JD","13-10-2019","150"
"10","Nike Air Force 1 Mid","JD","12-10-2019","145"
"11","Nike Air Force 1 Mid","JD","11-10-2019","155"
"12","Nike Air Force 1 Mid","JD","10-10-2019","153"
"13","Nike Air Force 1 Mid","JD","09-10-2019","152"
"14","Nike Air Force 1 Mid","JD","08-10-2019","146"
"15","Nike Air Force 1 Mid","JD","07-10-2019","147"
"16","Nike Air Force 1 Mid","JD","06-10-2019","155"
"17","Nike Air Force 1 Mid","JD","05-10-2019","156"
"18","Nike Air Force 1 Mid","JD","04-10-2019","150"
"19","Nike Air Force 1 Mid","JD","03-10-2019","153"
"20","Nike Air Force 1 Mid","JD","02-10-2019","155"
"21","Nike Air Force 1 Mid","JD","01-10-2019","150"
"22","Nike Air Force 1 Mid","JD","30-09-2019","156"
"23","Nike Air Force 1 Mid","JD","29-09-2019","149"
"24","Nike Air Force 1 Mid","JD","28-09-2019","145"
"25","Nike Air Force 1 Mid","JD","27-09-2019","157"
"26","Nike Air Force 1 Mid","JD","26-09-2019","146"
"27","Nike Air Force 1 Mid","JD","25-09-2019","152"
"28","Nike Air Force 1 Mid","JD","24-09-2019","149"
"29","Nike Air Force 1 Mid","JD","23-09-2019","151"
"0","Adidas Stan Smith","NIKE","22-10-2019","136"
"1","Adidas Stan Smith","NIKE","21-10-2019","135"
"2","Adidas Stan Smith","NIKE","20-10-2019","136"
"3","Adidas Stan Smith","NIKE","19-10-2019","125"
"4","Adidas Stan Smith","NIKE","18-10-2019","137"
"5","Adidas Stan Smith","NIKE","17-10-2019","139"
"6","Adidas Stan Smith","NIKE","16-10-2019","134"
"7","Adidas Stan Smith","NIKE","15-10-2019","127"
"8","Adidas Stan Smith","NIKE","14-10-2019","133"
"9","Adidas Stan Smith","NIKE","13-10-2019","134"
"10","Adidas Stan Smith","NIKE","12-10-2019","128"
"11","Adidas Stan Smith","NIKE","11-10-2019","126"
"12","Adidas Stan Smith","NIKE","10-10-2019","130"
"13","Adidas Stan Smith","NIKE","09-10-2019","125"
"14","Adidas Stan Smith","NIKE","08-10-2019","130"
"15","Adidas Stan Smith","NIKE","07-10-2019","137"
"16","Adidas Stan Smith","NIKE","06-10-2019","124"
"17","Adidas Stan Smith","NIKE","05-10-2019","137"
"18","Adidas Stan Smith","NIKE","04-10-2019","133"
"19","Adidas Stan Smith","NIKE","03-10-2019","131"
"20","Adidas Stan Smith","NIKE","02-10-2019","127"
"21","Adidas Stan Smith","NIKE","01-10-2019","130"
"22","Adidas Stan Smith","NIKE","30-09-2019","135"
"23","Adidas Stan Smith","NIKE","29-09-2019","134"
"24","Adidas Stan Smith","NIKE","28-09-2019","129"
"25","Adidas Stan Smith","NIKE","27-09-2019","127"
"26","Adidas Stan Smith","NIKE","26-09-2019","133"
"27","Adidas Stan Smith","NIKE","25-09-2019","126"
"28","Adidas Stan Smith","NIKE","24-09-2019","135"
"29","Adidas Stan Smith","NIKE","23-09-2019","128"
"0","Adidas Stan Smith","FL","22-10-2019","126"
"1","Adidas Stan Smith","FL","21-10-2019","134"
"2","Adidas Stan Smith","FL","20-10-2019","135"
"3","Adidas Stan Smith","FL","19-10-2019","137"
"4","Adidas Stan Smith","FL","18-10-2019","125"
"5","Adidas Stan Smith","FL","17-10-2019","138"
"6","Adidas Stan Smith","FL","16-10-2019","132"
"7","Adidas Stan Smith","FL","15-10-2019","129"
"8","Adidas Stan Smith","FL","14-10-2019","134"
"9","Adidas Stan Smith","FL","13-10-2019","128"
"10","Adidas Stan Smith","FL","12-10-2019","124"
"11","Adidas Stan Smith","FL","11-10-2019","137"
"12","Adidas Stan Smith","FL","10-10-2019","138"
"13","Adidas Stan Smith","FL","09-10-2019","132"
"14","Adidas Stan Smith","FL","08-10-2019","135"
"15","Adidas Stan Smith","FL","07-10-2019","139"
"16","Adidas Stan Smith","FL","06-10-2019","131"
"17","Adidas Stan Smith","FL","05-10-2019","130"
"18","Adidas Stan Smith","FL","04-10-2019","128"
"19","Adidas Stan Smith","FL","03-10-2019","139"
"20","Adidas Stan Smith","FL","02-10-2019","125"
"21","Adidas Stan Smith","FL","01-10-2019","138"
"22","Adidas Stan Smith","FL","30-09-2019","138"
"23","Adidas Stan Smith","FL","29-09-2019","129"
"24","Adidas Stan Smith","FL","28-09-2019","127"
"25","Adidas Stan Smith","FL","27-09-2019","139"
"26","Adidas Stan Smith","FL","26-09-2019","125"
"27","Adidas Stan Smith","FL","25-09-2019","125"
"28","Adidas Stan Smith","FL","24-09-2019","136"
"29","Adidas Stan Smith","FL","23-09-2019","138"
"0","Adidas Stan Smith","JD","22-10-2019","129"
"1","Adidas Stan Smith","JD","21-10-2019","130"
"2","Adidas Stan Smith","JD","20-10-2019","129"
"3","Adidas Stan Smith","JD","19-10-2019","134"
"4","Adidas Stan Smith","JD","18-10-2019","126"
"5","Adidas Stan Smith","JD","17-10-2019","137"
"6","Adidas Stan Smith","JD","16-10-2019","137"
"7","Adidas Stan Smith","JD","15-10-2019","128"
"8","Adidas Stan Smith","JD","14-10-2019","129"
"9","Adidas Stan Smith","JD","13-10-2019","127"
"10","Adidas Stan Smith","JD","12-10-2019","132"
"11","Adidas Stan Smith","JD","11-10-2019","136"
"12","Adidas Stan Smith","JD","10-10-2019","125"
"13","Adidas Stan Smith","JD","09-10-2019","127"
"14","Adidas Stan Smith","JD","08-10-2019","133"
"15","Adidas Stan Smith","JD","07-10-2019","129"
"16","Adidas Stan Smith","JD","06-10-2019","125"
"17","Adidas Stan Smith","JD","05-10-2019","139"
"18","Adidas Stan Smith","JD","04-10-2019","129"
"19","Adidas Stan Smith","JD","03-10-2019","125"
"20","Adidas Stan Smith","JD","02-10-2019","131"
"21","Adidas Stan Smith","JD","01-10-2019","125"
"22","Adidas Stan Smith","JD","30-09-2019","136"
"23","Adidas Stan Smith","JD","29-09-2019","125"
"24","Adidas Stan Smith","JD","28-09-2019","134"
"25","Adidas Stan Smith","JD","27-09-2019","128"
"26","Adidas Stan Smith","JD","26-09-2019","129"
"27","Adidas Stan Smith","JD","25-09-2019","133"
"28","Adidas Stan Smith","JD","24-09-2019","124"
"29","Adidas Stan Smith","JD","23-09-2019","131"
"0","Asics Gel Kayano","NIKE","22-10-2019","245"
"1","Asics Gel Kayano","NIKE","21-10-2019","244"
"2","Asics Gel Kayano","NIKE","20-10-2019","235"
"3","Asics Gel Kayano","NIKE","19-10-2019","236"
"4","Asics Gel Kayano","NIKE","18-10-2019","246"
"5","Asics Gel Kayano","NIKE","17-10-2019","245"
"6","Asics Gel Kayano","NIKE","16-10-2019","242"
"7","Asics Gel Kayano","NIKE","15-10-2019","234"
"8","Asics Gel Kayano","NIKE","14-10-2019","241"
"9","Asics Gel Kayano","NIKE","13-10-2019","238"
"10","Asics Gel Kayano","NIKE","12-10-2019","241"
"11","Asics Gel Kayano","NIKE","11-10-2019","240"
"12","Asics Gel Kayano","NIKE","10-10-2019","245"
"13","Asics Gel Kayano","NIKE","09-10-2019","237"
"14","Asics Gel Kayano","NIKE","08-10-2019","243"
"15","Asics Gel Kayano","NIKE","07-10-2019","247"
"16","Asics Gel Kayano","NIKE","06-10-2019","246"
"17","Asics Gel Kayano","NIKE","05-10-2019","235"
"18","Asics Gel Kayano","NIKE","04-10-2019","237"
"19","Asics Gel Kayano","NIKE","03-10-2019","242"
"20","Asics Gel Kayano","NIKE","02-10-2019","246"
"21","Asics Gel Kayano","NIKE","01-10-2019","249"
"22","Asics Gel Kayano","NIKE","30-09-2019","246"
"23","Asics Gel Kayano","NIKE","29-09-2019","242"
"24","Asics Gel Kayano","NIKE","28-09-2019","247"
"25","Asics Gel Kayano","NIKE","27-09-2019","245"
"26","Asics Gel Kayano","NIKE","26-09-2019","245"
"27","Asics Gel Kayano","NIKE","25-09-2019","241"
"28","Asics Gel Kayano","NIKE","24-09-2019","242"
"29","Asics Gel Kayano","NIKE","23-09-2019","236"
"0","Asics Gel Kayano","FL","22-10-2019","240"
"1","Asics Gel Kayano","FL","21-10-2019","237"
"2","Asics Gel Kayano","FL","20-10-2019","245"
"3","Asics Gel Kayano","FL","19-10-2019","248"
"4","Asics Gel Kayano","FL","18-10-2019","239"
"5","Asics Gel Kayano","FL","17-10-2019","248"
"6","Asics Gel Kayano","FL","16-10-2019","235"
"7","Asics Gel Kayano","FL","15-10-2019","248"
"8","Asics Gel Kayano","FL","14-10-2019","234"
"9","Asics Gel Kayano","FL","13-10-2019","249"
"10","Asics Gel Kayano","FL","12-10-2019","241"
"11","Asics Gel Kayano","FL","11-10-2019","241"
"12","Asics Gel Kayano","FL","10-10-2019","239"
"13","Asics Gel Kayano","FL","09-10-2019","249"
"14","Asics Gel Kayano","FL","08-10-2019","241"
"15","Asics Gel Kayano","FL","07-10-2019","249"
"16","Asics Gel Kayano","FL","06-10-2019","240"
"17","Asics Gel Kayano","FL","05-10-2019","237"
"18","Asics Gel Kayano","FL","04-10-2019","242"
"19","Asics Gel Kayano","FL","03-10-2019","248"
"20","Asics Gel Kayano","FL","02-10-2019","235"
"21","Asics Gel Kayano","FL","01-10-2019","242"
"22","Asics Gel Kayano","FL","30-09-2019","235"
"23","Asics Gel Kayano","FL","29-09-2019","245"
"24","Asics Gel Kayano","FL","28-09-2019","238"
"25","Asics Gel Kayano","FL","27-09-2019","240"
"26","Asics Gel Kayano","FL","26-09-2019","249"
"27","Asics Gel Kayano","FL","25-09-2019","239"
"28","Asics Gel Kayano","FL","24-09-2019","243"
"29","Asics Gel Kayano","FL","23-09-2019","241"
"0","Asics Gel Kayano","JD","22-10-2019","245"
"1","Asics Gel Kayano","JD","21-10-2019","244"
"2","Asics Gel Kayano","JD","20-10-2019","236"
"3","Asics Gel Kayano","JD","19-10-2019","241"
"4","Asics Gel Kayano","JD","18-10-2019","246"
"5","Asics Gel Kayano","JD","17-10-2019","244"
"6","Asics Gel Kayano","JD","16-10-2019","244"
"7","Asics Gel Kayano","JD","15-10-2019","240"
"8","Asics Gel Kayano","JD","14-10-2019","245"
"9","Asics Gel Kayano","JD","13-10-2019","246"
"10","Asics Gel Kayano","JD","12-10-2019","240"
"11","Asics Gel Kayano","JD","11-10-2019","245"
"12","Asics Gel Kayano","JD","10-10-2019","236"
"13","Asics Gel Kayano","JD","09-10-2019","248"
"14","Asics Gel Kayano","JD","08-10-2019","234"
"15","Asics Gel Kayano","JD","07-10-2019","237"
"16","Asics Gel Kayano","JD","06-10-2019","240"
"17","Asics Gel Kayano","JD","05-10-2019","240"
"18","Asics Gel Kayano","JD","04-10-2019","243"
"19","Asics Gel Kayano","JD","03-10-2019","234"
"20","Asics Gel Kayano","JD","02-10-2019","238"
"21","Asics Gel Kayano","JD","01-10-2019","238"
"22","Asics Gel Kayano","JD","30-09-2019","246"
"23","Asics Gel Kayano","JD","29-09-2019","247"
"24","Asics Gel Kayano","JD","28-09-2019","248"
"25","Asics Gel Kayano","JD","27-09-2019","239"
"26","Asics Gel Kayano","JD","26-09-2019","241"
"27","Asics Gel Kayano","JD","25-09-2019","243"
"28","Asics Gel Kayano","JD","24-09-2019","241"
"29","Asics Gel Kayano","JD","23-09-2019","244"
"0","Reebok Superflex V2","NIKE","22-10-2019","255"
"1","Reebok Superflex V2","NIKE","21-10-2019","251"
"2","Reebok Superflex V2","NIKE","20-10-2019","245"
"3","Reebok Superflex V2","NIKE","19-10-2019","246"
"4","Reebok Superflex V2","NIKE","18-10-2019","247"
"5","Reebok Superflex V2","NIKE","17-10-2019","244"
"6","Reebok Superflex V2","NIKE","16-10-2019","244"
"7","Reebok Superflex V2","NIKE","15-10-2019","244"
"8","Reebok Superflex V2","NIKE","14-10-2019","248"
"9","Reebok Superflex V2","NIKE","13-10-2019","250"
"10","Reebok Superflex V2","NIKE","12-10-2019","249"
"11","Reebok Superflex V2","NIKE","11-10-2019","252"
"12","Reebok Superflex V2","NIKE","10-10-2019","245"
"13","Reebok Superflex V2","NIKE","09-10-2019","246"
"14","Reebok Superflex V2","NIKE","08-10-2019","257"
"15","Reebok Superflex V2","NIKE","07-10-2019","252"
"16","Reebok Superflex V2","NIKE","06-10-2019","248"
"17","Reebok Superflex V2","NIKE","05-10-2019","250"
"18","Reebok Superflex V2","NIKE","04-10-2019","249"
"19","Reebok Superflex V2","NIKE","03-10-2019","245"
"20","Reebok Superflex V2","NIKE","02-10-2019","251"
"21","Reebok Superflex V2","NIKE","01-10-2019","249"
"22","Reebok Superflex V2","NIKE","30-09-2019","255"
"23","Reebok Superflex V2","NIKE","29-09-2019","256"
"24","Reebok Superflex V2","NIKE","28-09-2019","257"
"25","Reebok Superflex V2","NIKE","27-09-2019","257"
"26","Reebok Superflex V2","NIKE","26-09-2019","248"
"27","Reebok Superflex V2","NIKE","25-09-2019","244"
"28","Reebok Superflex V2","NIKE","24-09-2019","244"
"29","Reebok Superflex V2","NIKE","23-09-2019","245"
"0","Reebok Superflex V2","FL","22-10-2019","244"
"1","Reebok Superflex V2","FL","21-10-2019","254"
"2","Reebok Superflex V2","FL","20-10-2019","248"
"3","Reebok Superflex V2","FL","19-10-2019","252"
"4","Reebok Superflex V2","FL","18-10-2019","257"
"5","Reebok Superflex V2","FL","17-10-2019","253"
"6","Reebok Superflex V2","FL","16-10-2019","254"
"7","Reebok Superflex V2","FL","15-10-2019","256"
"8","Reebok Superflex V2","FL","14-10-2019","254"
"9","Reebok Superflex V2","FL","13-10-2019","254"
"10","Reebok Superflex V2","FL","12-10-2019","258"
"11","Reebok Superflex V2","FL","11-10-2019","250"
"12","Reebok Superflex V2","FL","10-10-2019","251"
"13","Reebok Superflex V2","FL","09-10-2019","256"
"14","Reebok Superflex V2","FL","08-10-2019","247"
"15","Reebok Superflex V2","FL","07-10-2019","257"
"16","Reebok Superflex V2","FL","06-10-2019","249"
"17","Reebok Superflex V2","FL","05-10-2019","257"
"18","Reebok Superflex V2","FL","04-10-2019","247"
"19","Reebok Superflex V2","FL","03-10-2019","248"
"20","Reebok Superflex V2","FL","02-10-2019","249"
"21","Reebok Superflex V2","FL","01-10-2019","244"
"22","Reebok Superflex V2","FL","30-09-2019","258"
"23","Reebok Superflex V2","FL","29-09-2019","256"
"24","Reebok Superflex V2","FL","28-09-2019","244"
"25","Reebok Superflex V2","FL","27-09-2019","245"
"26","Reebok Superflex V2","FL","26-09-2019","257"
"27","Reebok Superflex V2","FL","25-09-2019","248"
"28","Reebok Superflex V2","FL","24-09-2019","254"
"29","Reebok Superflex V2","FL","23-09-2019","247"
"0","Reebok Superflex V2","JD","22-10-2019","254"
"1","Reebok Superflex V2","JD","21-10-2019","256"
"2","Reebok Superflex V2","JD","20-10-2019","259"
"3","Reebok Superflex V2","JD","19-10-2019","244"
"4","Reebok Superflex V2","JD","18-10-2019","244"
"5","Reebok Superflex V2","JD","17-10-2019","247"
"6","Reebok Superflex V2","JD","16-10-2019","246"
"7","Reebok Superflex V2","JD","15-10-2019","244"
"8","Reebok Superflex V2","JD","14-10-2019","253"
"9","Reebok Superflex V2","JD","13-10-2019","257"
"10","Reebok Superflex V2","JD","12-10-2019","244"
"11","Reebok Superflex V2","JD","11-10-2019","249"
"12","Reebok Superflex V2","JD","10-10-2019","258"
"13","Reebok Superflex V2","JD","09-10-2019","259"
"14","Reebok Superflex V2","JD","08-10-2019","258"
"15","Reebok Superflex V2","JD","07-10-2019","257"
"16","Reebok Superflex V2","JD","06-10-2019","244"
"17","Reebok Superflex V2","JD","05-10-2019","246"
"18","Reebok Superflex V2","JD","04-10-2019","250"
"19","Reebok Superflex V2","JD","03-10-2019","255"
"20","Reebok Superflex V2","JD","02-10-2019","245"
"21","Reebok Superflex V2","JD","01-10-2019","250"
"22","Reebok Superflex V2","JD","30-09-2019","258"
"23","Reebok Superflex V2","JD","29-09-2019","247"
"24","Reebok Superflex V2","JD","28-09-2019","254"
"25","Reebok Superflex V2","JD","27-09-2019","245"
"26","Reebok Superflex V2","JD","26-09-2019","252"
"27","Reebok Superflex V2","JD","25-09-2019","259"
"28","Reebok Superflex V2","JD","24-09-2019","258"
"29","Reebok Superflex V2","JD","23-09-2019","255"
"0","Asics Gel Quantum Jcq 360","NIKE","22-10-2019","265"
"1","Asics Gel Quantum Jcq 360","NIKE","21-10-2019","271"
"2","Asics Gel Quantum Jcq 360","NIKE","20-10-2019","273"
"3","Asics Gel Quantum Jcq 360","NIKE","19-10-2019","277"
"4","Asics Gel Quantum Jcq 360","NIKE","18-10-2019","271"
"5","Asics Gel Quantum Jcq 360","NIKE","17-10-2019","275"
"6","Asics Gel Quantum Jcq 360","NIKE","16-10-2019","275"
"7","Asics Gel Quantum Jcq 360","NIKE","15-10-2019","272"
"8","Asics Gel Quantum Jcq 360","NIKE","14-10-2019","271"
"9","Asics Gel Quantum Jcq 360","NIKE","13-10-2019","277"
"10","Asics Gel Quantum Jcq 360","NIKE","12-10-2019","274"
"11","Asics Gel Quantum Jcq 360","NIKE","11-10-2019","274"
"12","Asics Gel Quantum Jcq 360","NIKE","10-10-2019","278"
"13","Asics Gel Quantum Jcq 360","NIKE","09-10-2019","277"
"14","Asics Gel Quantum Jcq 360","NIKE","08-10-2019","270"
"15","Asics Gel Quantum Jcq 360","NIKE","07-10-2019","266"
"16","Asics Gel Quantum Jcq 360","NIKE","06-10-2019","269"
"17","Asics Gel Quantum Jcq 360","NIKE","05-10-2019","276"
"18","Asics Gel Quantum Jcq 360","NIKE","04-10-2019","271"
"19","Asics Gel Quantum Jcq 360","NIKE","03-10-2019","271"
"20","Asics Gel Quantum Jcq 360","NIKE","02-10-2019","275"
"21","Asics Gel Quantum Jcq 360","NIKE","01-10-2019","267"
"22","Asics Gel Quantum Jcq 360","NIKE","30-09-2019","274"
"23","Asics Gel Quantum Jcq 360","NIKE","29-09-2019","279"
"24","Asics Gel Quantum Jcq 360","NIKE","28-09-2019","279"
"25","Asics Gel Quantum Jcq 360","NIKE","27-09-2019","273"
"26","Asics Gel Quantum Jcq 360","NIKE","26-09-2019","270"
"27","Asics Gel Quantum Jcq 360","NIKE","25-09-2019","277"
"28","Asics Gel Quantum Jcq 360","NIKE","24-09-2019","273"
"29","Asics Gel Quantum Jcq 360","NIKE","23-09-2019","265"
"0","Asics Gel Quantum Jcq 360","FL","22-10-2019","267"
"1","Asics Gel Quantum Jcq 360","FL","21-10-2019","270"
"2","Asics Gel Quantum Jcq 360","FL","20-10-2019","279"
"3","Asics Gel Quantum Jcq 360","FL","19-10-2019","268"
"4","Asics Gel Quantum Jcq 360","FL","18-10-2019","269"
"5","Asics Gel Quantum Jcq 360","FL","17-10-2019","278"
"6","Asics Gel Quantum Jcq 360","FL","16-10-2019","272"
"7","Asics Gel Quantum Jcq 360","FL","15-10-2019","269"
"8","Asics Gel Quantum Jcq 360","FL","14-10-2019","275"
"9","Asics Gel Quantum Jcq 360","FL","13-10-2019","268"
"10","Asics Gel Quantum Jcq 360","FL","12-10-2019","269"
"11","Asics Gel Quantum Jcq 360","FL","11-10-2019","275"
"12","Asics Gel Quantum Jcq 360","FL","10-10-2019","278"
"13","Asics Gel Quantum Jcq 360","FL","09-10-2019","272"
"14","Asics Gel Quantum Jcq 360","FL","08-10-2019","277"
"15","Asics Gel Quantum Jcq 360","FL","07-10-2019","273"
"16","Asics Gel Quantum Jcq 360","FL","06-10-2019","277"
"17","Asics Gel Quantum Jcq 360","FL","05-10-2019","278"
"18","Asics Gel Quantum Jcq 360","FL","04-10-2019","275"
"19","Asics Gel Quantum Jcq 360","FL","03-10-2019","275"
"20","Asics Gel Quantum Jcq 360","FL","02-10-2019","277"
"21","Asics Gel Quantum Jcq 360","FL","01-10-2019","271"
"22","Asics Gel Quantum Jcq 360","FL","30-09-2019","267"
"23","Asics Gel Quantum Jcq 360","FL","29-09-2019","273"
"24","Asics Gel Quantum Jcq 360","FL","28-09-2019","275"
"25","Asics Gel Quantum Jcq 360","FL","27-09-2019","267"
"26","Asics Gel Quantum Jcq 360","FL","26-09-2019","273"
"27","Asics Gel Quantum Jcq 360","FL","25-09-2019","274"
"28","Asics Gel Quantum Jcq 360","FL","24-09-2019","278"
"29","Asics Gel Quantum Jcq 360","FL","23-09-2019","271"
"0","Asics Gel Quantum Jcq 360","JD","22-10-2019","267"
"1","Asics Gel Quantum Jcq 360","JD","21-10-2019","267"
"2","Asics Gel Quantum Jcq 360","JD","20-10-2019","264"
"3","Asics Gel Quantum Jcq 360","JD","19-10-2019","275"
"4","Asics Gel Quantum Jcq 360","JD","18-10-2019","266"
"5","Asics Gel Quantum Jcq 360","JD","17-10-2019","273"
"6","Asics Gel Quantum Jcq 360","JD","16-10-2019","264"
"7","Asics Gel Quantum Jcq 360","JD","15-10-2019","264"
"8","Asics Gel Quantum Jcq 360","JD","14-10-2019","274"
"9","Asics Gel Quantum Jcq 360","JD","13-10-2019","264"
"10","Asics Gel Quantum Jcq 360","JD","12-10-2019","264"
"11","Asics Gel Quantum Jcq 360","JD","11-10-2019","275"
"12","Asics Gel Quantum Jcq 360","JD","10-10-2019","276"
"13","Asics Gel Quantum Jcq 360","JD","09-10-2019","279"
"14","Asics Gel Quantum Jcq 360","JD","08-10-2019","265"
"15","Asics Gel Quantum Jcq 360","JD","07-10-2019","267"
"16","Asics Gel Quantum Jcq 360","JD","06-10-2019","264"
"17","Asics Gel Quantum Jcq 360","JD","05-10-2019","278"
"18","Asics Gel Quantum Jcq 360","JD","04-10-2019","276"
"19","Asics Gel Quantum Jcq 360","JD","03-10-2019","279"
"20","Asics Gel Quantum Jcq 360","JD","02-10-2019","272"
"21","Asics Gel Quantum Jcq 360","JD","01-10-2019","268"
"22","Asics Gel Quantum Jcq 360","JD","30-09-2019","278"
"23","Asics Gel Quantum Jcq 360","JD","29-09-2019","271"
"24","Asics Gel Quantum Jcq 360","JD","28-09-2019","275"
"25","Asics Gel Quantum Jcq 360","JD","27-09-2019","269"
"26","Asics Gel Quantum Jcq 360","JD","26-09-2019","279"
"27","Asics Gel Quantum Jcq 360","JD","25-09-2019","273"
"28","Asics Gel Quantum Jcq 360","JD","24-09-2019","269"
"29","Asics Gel Quantum Jcq 360","JD","23-09-2019","275"
"0","Nike Air Max Plus Deconstructed","NIKE","22-10-2019","257"
"1","Nike Air Max Plus Deconstructed","NIKE","21-10-2019","248"
"2","Nike Air Max Plus Deconstructed","NIKE","20-10-2019","253"
"3","Nike Air Max Plus Deconstructed","NIKE","19-10-2019","248"
"4","Nike Air Max Plus Deconstructed","NIKE","18-10-2019","246"
"5","Nike Air Max Plus Deconstructed","NIKE","17-10-2019","244"
"6","Nike Air Max Plus Deconstructed","NIKE","16-10-2019","249"
"7","Nike Air Max Plus Deconstructed","NIKE","15-10-2019","250"
"8","Nike Air Max Plus Deconstructed","NIKE","14-10-2019","247"
"9","Nike Air Max Plus Deconstructed","NIKE","13-10-2019","257"
"10","Nike Air Max Plus Deconstructed","NIKE","12-10-2019","250"
"11","Nike Air Max Plus Deconstructed","NIKE","11-10-2019","244"
"12","Nike Air Max Plus Deconstructed","NIKE","10-10-2019","252"
"13","Nike Air Max Plus Deconstructed","NIKE","09-10-2019","252"
"14","Nike Air Max Plus Deconstructed","NIKE","08-10-2019","258"
"15","Nike Air Max Plus Deconstructed","NIKE","07-10-2019","251"
"16","Nike Air Max Plus Deconstructed","NIKE","06-10-2019","247"
"17","Nike Air Max Plus Deconstructed","NIKE","05-10-2019","250"
"18","Nike Air Max Plus Deconstructed","NIKE","04-10-2019","258"
"19","Nike Air Max Plus Deconstructed","NIKE","03-10-2019","249"
"20","Nike Air Max Plus Deconstructed","NIKE","02-10-2019","252"
"21","Nike Air Max Plus Deconstructed","NIKE","01-10-2019","257"
"22","Nike Air Max Plus Deconstructed","NIKE","30-09-2019","250"
"23","Nike Air Max Plus Deconstructed","NIKE","29-09-2019","248"
"24","Nike Air Max Plus Deconstructed","NIKE","28-09-2019","253"
"25","Nike Air Max Plus Deconstructed","NIKE","27-09-2019","247"
"26","Nike Air Max Plus Deconstructed","NIKE","26-09-2019","247"
"27","Nike Air Max Plus Deconstructed","NIKE","25-09-2019","247"
"28","Nike Air Max Plus Deconstructed","NIKE","24-09-2019","247"
"29","Nike Air Max Plus Deconstructed","NIKE","23-09-2019","245"
"0","Nike Air Max Plus Deconstructed","FL","22-10-2019","246"
"1","Nike Air Max Plus Deconstructed","FL","21-10-2019","257"
"2","Nike Air Max Plus Deconstructed","FL","20-10-2019","258"
"3","Nike Air Max Plus Deconstructed","FL","19-10-2019","248"
"4","Nike Air Max Plus Deconstructed","FL","18-10-2019","248"
"5","Nike Air Max Plus Deconstructed","FL","17-10-2019","257"
"6","Nike Air Max Plus Deconstructed","FL","16-10-2019","258"
"7","Nike Air Max Plus Deconstructed","FL","15-10-2019","246"
"8","Nike Air Max Plus Deconstructed","FL","14-10-2019","251"
"9","Nike Air Max Plus Deconstructed","FL","13-10-2019","258"
"10","Nike Air Max Plus Deconstructed","FL","12-10-2019","252"
"11","Nike Air Max Plus Deconstructed","FL","11-10-2019","258"
"12","Nike Air Max Plus Deconstructed","FL","10-10-2019","257"
"13","Nike Air Max Plus Deconstructed","FL","09-10-2019","249"
"14","Nike Air Max Plus Deconstructed","FL","08-10-2019","257"
"15","Nike Air Max Plus Deconstructed","FL","07-10-2019","246"
"16","Nike Air Max Plus Deconstructed","FL","06-10-2019","252"
"17","Nike Air Max Plus Deconstructed","FL","05-10-2019","249"
"18","Nike Air Max Plus Deconstructed","FL","04-10-2019","256"
"19","Nike Air Max Plus Deconstructed","FL","03-10-2019","256"
"20","Nike Air Max Plus Deconstructed","FL","02-10-2019","244"
"21","Nike Air Max Plus Deconstructed","FL","01-10-2019","251"
"22","Nike Air Max Plus Deconstructed","FL","30-09-2019","255"
"23","Nike Air Max Plus Deconstructed","FL","29-09-2019","247"
"24","Nike Air Max Plus Deconstructed","FL","28-09-2019","251"
"25","Nike Air Max Plus Deconstructed","FL","27-09-2019","252"
"26","Nike Air Max Plus Deconstructed","FL","26-09-2019","248"
"27","Nike Air Max Plus Deconstructed","FL","25-09-2019","250"
"28","Nike Air Max Plus Deconstructed","FL","24-09-2019","246"
"29","Nike Air Max Plus Deconstructed","FL","23-09-2019","256"
"0","Nike Air Max Plus Deconstructed","JD","22-10-2019","246"
"1","Nike Air Max Plus Deconstructed","JD","21-10-2019","256"
"2","Nike Air Max Plus Deconstructed","JD","20-10-2019","246"
"3","Nike Air Max Plus Deconstructed","JD","19-10-2019","253"
"4","Nike Air Max Plus Deconstructed","JD","18-10-2019","246"
"5","Nike Air Max Plus Deconstructed","JD","17-10-2019","254"
"6","Nike Air Max Plus Deconstructed","JD","16-10-2019","257"
"7","Nike Air Max Plus Deconstructed","JD","15-10-2019","255"
"8","Nike Air Max Plus Deconstructed","JD","14-10-2019","244"
"9","Nike Air Max Plus Deconstructed","JD","13-10-2019","248"
"10","Nike Air Max Plus Deconstructed","JD","12-10-2019","245"
"11","Nike Air Max Plus Deconstructed","JD","11-10-2019","244"
"12","Nike Air Max Plus Deconstructed","JD","10-10-2019","253"
"13","Nike Air Max Plus Deconstructed","JD","09-10-2019","252"
"14","Nike Air Max Plus Deconstructed","JD","08-10-2019","257"
"15","Nike Air Max Plus Deconstructed","JD","07-10-2019","249"
"16","Nike Air Max Plus Deconstructed","JD","06-10-2019","256"
"17","Nike Air Max Plus Deconstructed","JD","05-10-2019","244"
"18","Nike Air Max Plus Deconstructed","JD","04-10-2019","251"
"19","Nike Air Max Plus Deconstructed","JD","03-10-2019","246"
"20","Nike Air Max Plus Deconstructed","JD","02-10-2019","247"
"21","Nike Air Max Plus Deconstructed","JD","01-10-2019","248"
"22","Nike Air Max Plus Deconstructed","JD","30-09-2019","254"
"23","Nike Air Max Plus Deconstructed","JD","29-09-2019","245"
"24","Nike Air Max Plus Deconstructed","JD","28-09-2019","246"
"25","Nike Air Max Plus Deconstructed","JD","27-09-2019","254"
"26","Nike Air Max Plus Deconstructed","JD","26-09-2019","254"
"27","Nike Air Max Plus Deconstructed","JD","25-09-2019","244"
"28","Nike Air Max Plus Deconstructed","JD","24-09-2019","250"
"29","Nike Air Max Plus Deconstructed","JD","23-09-2019","244"
"0","Nike Legacy 312","NIKE","22-10-2019","210"
"1","Nike Legacy 312","NIKE","21-10-2019","210"
"2","Nike Legacy 312","NIKE","20-10-2019","210"
"3","Nike Legacy 312","NIKE","19-10-2019","214"
"4","Nike Legacy 312","NIKE","18-10-2019","205"
"5","Nike Legacy 312","NIKE","17-10-2019","207"
"6","Nike Legacy 312","NIKE","16-10-2019","204"
"7","Nike Legacy 312","NIKE","15-10-2019","212"
"8","Nike Legacy 312","NIKE","14-10-2019","209"
"9","Nike Legacy 312","NIKE","13-10-2019","216"
"10","Nike Legacy 312","NIKE","12-10-2019","209"
"11","Nike Legacy 312","NIKE","11-10-2019","208"
"12","Nike Legacy 312","NIKE","10-10-2019","219"
"13","Nike Legacy 312","NIKE","09-10-2019","210"
"14","Nike Legacy 312","NIKE","08-10-2019","210"
"15","Nike Legacy 312","NIKE","07-10-2019","216"
"16","Nike Legacy 312","NIKE","06-10-2019","208"
"17","Nike Legacy 312","NIKE","05-10-2019","214"
"18","Nike Legacy 312","NIKE","04-10-2019","209"
"19","Nike Legacy 312","NIKE","03-10-2019","214"
"20","Nike Legacy 312","NIKE","02-10-2019","207"
"21","Nike Legacy 312","NIKE","01-10-2019","211"
"22","Nike Legacy 312","NIKE","30-09-2019","211"
"23","Nike Legacy 312","NIKE","29-09-2019","205"
"24","Nike Legacy 312","NIKE","28-09-2019","212"
"25","Nike Legacy 312","NIKE","27-09-2019","207"
"26","Nike Legacy 312","NIKE","26-09-2019","207"
"27","Nike Legacy 312","NIKE","25-09-2019","205"
"28","Nike Legacy 312","NIKE","24-09-2019","205"
"29","Nike Legacy 312","NIKE","23-09-2019","215"
"0","Nike Legacy 312","FL","22-10-2019","218"
"1","Nike Legacy 312","FL","21-10-2019","209"
"2","Nike Legacy 312","FL","20-10-2019","208"
"3","Nike Legacy 312","FL","19-10-2019","211"
"4","Nike Legacy 312","FL","18-10-2019","209"
"5","Nike Legacy 312","FL","17-10-2019","216"
"6","Nike Legacy 312","FL","16-10-2019","219"
"7","Nike Legacy 312","FL","15-10-2019","210"
"8","Nike Legacy 312","FL","14-10-2019","204"
"9","Nike Legacy 312","FL","13-10-2019","209"
"10","Nike Legacy 312","FL","12-10-2019","211"
"11","Nike Legacy 312","FL","11-10-2019","214"
"12","Nike Legacy 312","FL","10-10-2019","211"
"13","Nike Legacy 312","FL","09-10-2019","208"
"14","Nike Legacy 312","FL","08-10-2019","218"
"15","Nike Legacy 312","FL","07-10-2019","206"
"16","Nike Legacy 312","FL","06-10-2019","210"
"17","Nike Legacy 312","FL","05-10-2019","205"
"18","Nike Legacy 312","FL","04-10-2019","213"
"19","Nike Legacy 312","FL","03-10-2019","210"
"20","Nike Legacy 312","FL","02-10-2019","205"
"21","Nike Legacy 312","FL","01-10-2019","218"
"22","Nike Legacy 312","FL","30-09-2019","210"
"23","Nike Legacy 312","FL","29-09-2019","215"
"24","Nike Legacy 312","FL","28-09-2019","215"
"25","Nike Legacy 312","FL","27-09-2019","218"
"26","Nike Legacy 312","FL","26-09-2019","213"
"27","Nike Legacy 312","FL","25-09-2019","215"
"28","Nike Legacy 312","FL","24-09-2019","215"
"29","Nike Legacy 312","FL","23-09-2019","208"
"0","Nike Legacy 312","JD","22-10-2019","206"
"1","Nike Legacy 312","JD","21-10-2019","206"
"2","Nike Legacy 312","JD","20-10-2019","209"
"3","Nike Legacy 312","JD","19-10-2019","218"
"4","Nike Legacy 312","JD","18-10-2019","208"
"5","Nike Legacy 312","JD","17-10-2019","210"
"6","Nike Legacy 312","JD","16-10-2019","207"
"7","Nike Legacy 312","JD","15-10-2019","207"
"8","Nike Legacy 312","JD","14-10-2019","214"
"9","Nike Legacy 312","JD","13-10-2019","215"
"10","Nike Legacy 312","JD","12-10-2019","212"
"11","Nike Legacy 312","JD","11-10-2019","207"
"12","Nike Legacy 312","JD","10-10-2019","216"
"13","Nike Legacy 312","JD","09-10-2019","212"
"14","Nike Legacy 312","JD","08-10-2019","217"
"15","Nike Legacy 312","JD","07-10-2019","208"
"16","Nike Legacy 312","JD","06-10-2019","218"
"17","Nike Legacy 312","JD","05-10-2019","216"
"18","Nike Legacy 312","JD","04-10-2019","204"
"19","Nike Legacy 312","JD","03-10-2019","205"
"20","Nike Legacy 312","JD","02-10-2019","218"
"21","Nike Legacy 312","JD","01-10-2019","208"
"22","Nike Legacy 312","JD","30-09-2019","218"
"23","Nike Legacy 312","JD","29-09-2019","207"
"24","Nike Legacy 312","JD","28-09-2019","210"
"25","Nike Legacy 312","JD","27-09-2019","205"
"26","Nike Legacy 312","JD","26-09-2019","205"
"27","Nike Legacy 312","JD","25-09-2019","219"
"28","Nike Legacy 312","JD","24-09-2019","208"
"29","Nike Legacy 312","JD","23-09-2019","210"
"0","Diadora Rebound Ace","NIKE","22-10-2019","148"
"1","Diadora Rebound Ace","NIKE","21-10-2019","144"
"2","Diadora Rebound Ace","NIKE","20-10-2019","136"
"3","Diadora Rebound Ace","NIKE","19-10-2019","134"
"4","Diadora Rebound Ace","NIKE","18-10-2019","149"
"5","Diadora Rebound Ace","NIKE","17-10-2019","139"
"6","Diadora Rebound Ace","NIKE","16-10-2019","149"
"7","Diadora Rebound Ace","NIKE","15-10-2019","139"
"8","Diadora Rebound Ace","NIKE","14-10-2019","135"
"9","Diadora Rebound Ace","NIKE","13-10-2019","135"
"10","Diadora Rebound Ace","NIKE","12-10-2019","147"
"11","Diadora Rebound Ace","NIKE","11-10-2019","139"
"12","Diadora Rebound Ace","NIKE","10-10-2019","134"
"13","Diadora Rebound Ace","NIKE","09-10-2019","146"
"14","Diadora Rebound Ace","NIKE","08-10-2019","135"
"15","Diadora Rebound Ace","NIKE","07-10-2019","141"
"16","Diadora Rebound Ace","NIKE","06-10-2019","139"
"17","Diadora Rebound Ace","NIKE","05-10-2019","148"
"18","Diadora Rebound Ace","NIKE","04-10-2019","134"
"19","Diadora Rebound Ace","NIKE","03-10-2019","149"
"20","Diadora Rebound Ace","NIKE","02-10-2019","139"
"21","Diadora Rebound Ace","NIKE","01-10-2019","144"
"22","Diadora Rebound Ace","NIKE","30-09-2019","143"
"23","Diadora Rebound Ace","NIKE","29-09-2019","138"
"24","Diadora Rebound Ace","NIKE","28-09-2019","147"
"25","Diadora Rebound Ace","NIKE","27-09-2019","149"
"26","Diadora Rebound Ace","NIKE","26-09-2019","141"
"27","Diadora Rebound Ace","NIKE","25-09-2019","138"
"28","Diadora Rebound Ace","NIKE","24-09-2019","134"
"29","Diadora Rebound Ace","NIKE","23-09-2019","144"
"0","Diadora Rebound Ace","FL","22-10-2019","143"
"1","Diadora Rebound Ace","FL","21-10-2019","139"
"2","Diadora Rebound Ace","FL","20-10-2019","146"
"3","Diadora Rebound Ace","FL","19-10-2019","143"
"4","Diadora Rebound Ace","FL","18-10-2019","142"
"5","Diadora Rebound Ace","FL","17-10-2019","135"
"6","Diadora Rebound Ace","FL","16-10-2019","141"
"7","Diadora Rebound Ace","FL","15-10-2019","145"
"8","Diadora Rebound Ace","FL","14-10-2019","139"
"9","Diadora Rebound Ace","FL","13-10-2019","143"
"10","Diadora Rebound Ace","FL","12-10-2019","138"
"11","Diadora Rebound Ace","FL","11-10-2019","145"
"12","Diadora Rebound Ace","FL","10-10-2019","141"
"13","Diadora Rebound Ace","FL","09-10-2019","145"
"14","Diadora Rebound Ace","FL","08-10-2019","141"
"15","Diadora Rebound Ace","FL","07-10-2019","140"
"16","Diadora Rebound Ace","FL","06-10-2019","147"
"17","Diadora Rebound Ace","FL","05-10-2019","134"
"18","Diadora Rebound Ace","FL","04-10-2019","141"
"19","Diadora Rebound Ace","FL","03-10-2019","147"
"20","Diadora Rebound Ace","FL","02-10-2019","148"
"21","Diadora Rebound Ace","FL","01-10-2019","137"
"22","Diadora Rebound Ace","FL","30-09-2019","138"
"23","Diadora Rebound Ace","FL","29-09-2019","135"
"24","Diadora Rebound Ace","FL","28-09-2019","142"
"25","Diadora Rebound Ace","FL","27-09-2019","146"
"26","Diadora Rebound Ace","FL","26-09-2019","147"
"27","Diadora Rebound Ace","FL","25-09-2019","143"
"28","Diadora Rebound Ace","FL","24-09-2019","145"
"29","Diadora Rebound Ace","FL","23-09-2019","135"
"0","Diadora Rebound Ace","JD","22-10-2019","144"
"1","Diadora Rebound Ace","JD","21-10-2019","143"
"2","Diadora Rebound Ace","JD","20-10-2019","136"
"3","Diadora Rebound Ace","JD","19-10-2019","137"
"4","Diadora Rebound Ace","JD","18-10-2019","136"
"5","Diadora Rebound Ace","JD","17-10-2019","144"
"6","Diadora Rebound Ace","JD","16-10-2019","144"
"7","Diadora Rebound Ace","JD","15-10-2019","146"
"8","Diadora Rebound Ace","JD","14-10-2019","134"
"9","Diadora Rebound Ace","JD","13-10-2019","145"
"10","Diadora Rebound Ace","JD","12-10-2019","145"
"11","Diadora Rebound Ace","JD","11-10-2019","145"
"12","Diadora Rebound Ace","JD","10-10-2019","148"
"13","Diadora Rebound Ace","JD","09-10-2019","138"
"14","Diadora Rebound Ace","JD","08-10-2019","138"
"15","Diadora Rebound Ace","JD","07-10-2019","144"
"16","Diadora Rebound Ace","JD","06-10-2019","149"
"17","Diadora Rebound Ace","JD","05-10-2019","144"
"18","Diadora Rebound Ace","JD","04-10-2019","149"
"19","Diadora Rebound Ace","JD","03-10-2019","146"
"20","Diadora Rebound Ace","JD","02-10-2019","149"
"21","Diadora Rebound Ace","JD","01-10-2019","136"
"22","Diadora Rebound Ace","JD","30-09-2019","145"
"23","Diadora Rebound Ace","JD","29-09-2019","145"
"24","Diadora Rebound Ace","JD","28-09-2019","148"
"25","Diadora Rebound Ace","JD","27-09-2019","149"
"26","Diadora Rebound Ace","JD","26-09-2019","146"
"27","Diadora Rebound Ace","JD","25-09-2019","146"
"28","Diadora Rebound Ace","JD","24-09-2019","137"
"29","Diadora Rebound Ace","JD","23-09-2019","136"
"0","Diadora Action","NIKE","22-10-2019","136"
"1","Diadora Action","NIKE","21-10-2019","136"
"2","Diadora Action","NIKE","20-10-2019","137"
"3","Diadora Action","NIKE","19-10-2019","147"
"4","Diadora Action","NIKE","18-10-2019","134"
"5","Diadora Action","NIKE","17-10-2019","136"
"6","Diadora Action","NIKE","16-10-2019","141"
"7","Diadora Action","NIKE","15-10-2019","144"
"8","Diadora Action","NIKE","14-10-2019","145"
"9","Diadora Action","NIKE","13-10-2019","143"
"10","Diadora Action","NIKE","12-10-2019","138"
"11","Diadora Action","NIKE","11-10-2019","136"
"12","Diadora Action","NIKE","10-10-2019","135"
"13","Diadora Action","NIKE","09-10-2019","136"
"14","Diadora Action","NIKE","08-10-2019","138"
"15","Diadora Action","NIKE","07-10-2019","145"
"16","Diadora Action","NIKE","06-10-2019","148"
"17","Diadora Action","NIKE","05-10-2019","147"
"18","Diadora Action","NIKE","04-10-2019","142"
"19","Diadora Action","NIKE","03-10-2019","143"
"20","Diadora Action","NIKE","02-10-2019","136"
"21","Diadora Action","NIKE","01-10-2019","143"
"22","Diadora Action","NIKE","30-09-2019","149"
"23","Diadora Action","NIKE","29-09-2019","146"
"24","Diadora Action","NIKE","28-09-2019","144"
"25","Diadora Action","NIKE","27-09-2019","146"
"26","Diadora Action","NIKE","26-09-2019","141"
"27","Diadora Action","NIKE","25-09-2019","143"
"28","Diadora Action","NIKE","24-09-2019","142"
"29","Diadora Action","NIKE","23-09-2019","137"
"0","Diadora Action","FL","22-10-2019","147"
"1","Diadora Action","FL","21-10-2019","139"
"2","Diadora Action","FL","20-10-2019","145"
"3","Diadora Action","FL","19-10-2019","148"
"4","Diadora Action","FL","18-10-2019","139"
"5","Diadora Action","FL","17-10-2019","142"
"6","Diadora Action","FL","16-10-2019","141"
"7","Diadora Action","FL","15-10-2019","149"
"8","Diadora Action","FL","14-10-2019","140"
"9","Diadora Action","FL","13-10-2019","138"
"10","Diadora Action","FL","12-10-2019","135"
"11","Diadora Action","FL","11-10-2019","146"
"12","Diadora Action","FL","10-10-2019","135"
"13","Diadora Action","FL","09-10-2019","138"
"14","Diadora Action","FL","08-10-2019","142"
"15","Diadora Action","FL","07-10-2019","145"
"16","Diadora Action","FL","06-10-2019","142"
"17","Diadora Action","FL","05-10-2019","146"
"18","Diadora Action","FL","04-10-2019","146"
"19","Diadora Action","FL","03-10-2019","136"
"20","Diadora Action","FL","02-10-2019","140"
"21","Diadora Action","FL","01-10-2019","147"
"22","Diadora Action","FL","30-09-2019","138"
"23","Diadora Action","FL","29-09-2019","135"
"24","Diadora Action","FL","28-09-2019","145"
"25","Diadora Action","FL","27-09-2019","141"
"26","Diadora Action","FL","26-09-2019","147"
"27","Diadora Action","FL","25-09-2019","139"
"28","Diadora Action","FL","24-09-2019","135"
"29","Diadora Action","FL","23-09-2019","143"
"0","Diadora Action","JD","22-10-2019","136"
"1","Diadora Action","JD","21-10-2019","145"
"2","Diadora Action","JD","20-10-2019","135"
"3","Diadora Action","JD","19-10-2019","139"
"4","Diadora Action","JD","18-10-2019","138"
"5","Diadora Action","JD","17-10-2019","138"
"6","Diadora Action","JD","16-10-2019","147"
"7","Diadora Action","JD","15-10-2019","145"
"8","Diadora Action","JD","14-10-2019","136"
"9","Diadora Action","JD","13-10-2019","136"
"10","Diadora Action","JD","12-10-2019","149"
"11","Diadora Action","JD","11-10-2019","137"
"12","Diadora Action","JD","10-10-2019","134"
"13","Diadora Action","JD","09-10-2019","137"
"14","Diadora Action","JD","08-10-2019","145"
"15","Diadora Action","JD","07-10-2019","134"
"16","Diadora Action","JD","06-10-2019","142"
"17","Diadora Action","JD","05-10-2019","144"
"18","Diadora Action","JD","04-10-2019","135"
"19","Diadora Action","JD","03-10-2019","139"
"20","Diadora Action","JD","02-10-2019","139"
"21","Diadora Action","JD","01-10-2019","148"
"22","Diadora Action","JD","30-09-2019","140"
"23","Diadora Action","JD","29-09-2019","134"
"24","Diadora Action","JD","28-09-2019","136"
"25","Diadora Action","JD","27-09-2019","144"
"26","Diadora Action","JD","26-09-2019","141"
"27","Diadora Action","JD","25-09-2019","138"
"28","Diadora Action","JD","24-09-2019","135"
"29","Diadora Action","JD","23-09-2019","138"
"0","Diadora Game Low","NIKE","22-10-2019","127"
"1","Diadora Game Low","NIKE","21-10-2019","137"
"2","Diadora Game Low","NIKE","20-10-2019","139"
"3","Diadora Game Low","NIKE","19-10-2019","124"
"4","Diadora Game Low","NIKE","18-10-2019","127"
"5","Diadora Game Low","NIKE","17-10-2019","131"
"6","Diadora Game Low","NIKE","16-10-2019","128"
"7","Diadora Game Low","NIKE","15-10-2019","126"
"8","Diadora Game Low","NIKE","14-10-2019","135"
"9","Diadora Game Low","NIKE","13-10-2019","136"
"10","Diadora Game Low","NIKE","12-10-2019","131"
"11","Diadora Game Low","NIKE","11-10-2019","131"
"12","Diadora Game Low","NIKE","10-10-2019","127"
"13","Diadora Game Low","NIKE","09-10-2019","131"
"14","Diadora Game Low","NIKE","08-10-2019","137"
"15","Diadora Game Low","NIKE","07-10-2019","139"
"16","Diadora Game Low","NIKE","06-10-2019","136"
"17","Diadora Game Low","NIKE","05-10-2019","132"
"18","Diadora Game Low","NIKE","04-10-2019","137"
"19","Diadora Game Low","NIKE","03-10-2019","132"
"20","Diadora Game Low","NIKE","02-10-2019","131"
"21","Diadora Game Low","NIKE","01-10-2019","132"
"22","Diadora Game Low","NIKE","30-09-2019","136"
"23","Diadora Game Low","NIKE","29-09-2019","126"
"24","Diadora Game Low","NIKE","28-09-2019","126"
"25","Diadora Game Low","NIKE","27-09-2019","133"
"26","Diadora Game Low","NIKE","26-09-2019","126"
"27","Diadora Game Low","NIKE","25-09-2019","126"
"28","Diadora Game Low","NIKE","24-09-2019","128"
"29","Diadora Game Low","NIKE","23-09-2019","139"
"0","Diadora Game Low","FL","22-10-2019","135"
"1","Diadora Game Low","FL","21-10-2019","136"
"2","Diadora Game Low","FL","20-10-2019","124"
"3","Diadora Game Low","FL","19-10-2019","138"
"4","Diadora Game Low","FL","18-10-2019","127"
"5","Diadora Game Low","FL","17-10-2019","129"
"6","Diadora Game Low","FL","16-10-2019","133"
"7","Diadora Game Low","FL","15-10-2019","136"
"8","Diadora Game Low","FL","14-10-2019","137"
"9","Diadora Game Low","FL","13-10-2019","130"
"10","Diadora Game Low","FL","12-10-2019","138"
"11","Diadora Game Low","FL","11-10-2019","126"
"12","Diadora Game Low","FL","10-10-2019","137"
"13","Diadora Game Low","FL","09-10-2019","125"
"14","Diadora Game Low","FL","08-10-2019","125"
"15","Diadora Game Low","FL","07-10-2019","124"
"16","Diadora Game Low","FL","06-10-2019","124"
"17","Diadora Game Low","FL","05-10-2019","132"
"18","Diadora Game Low","FL","04-10-2019","134"
"19","Diadora Game Low","FL","03-10-2019","127"
"20","Diadora Game Low","FL","02-10-2019","128"
"21","Diadora Game Low","FL","01-10-2019","137"
"22","Diadora Game Low","FL","30-09-2019","126"
"23","Diadora Game Low","FL","29-09-2019","124"
"24","Diadora Game Low","FL","28-09-2019","135"
"25","Diadora Game Low","FL","27-09-2019","128"
"26","Diadora Game Low","FL","26-09-2019","134"
"27","Diadora Game Low","FL","25-09-2019","137"
"28","Diadora Game Low","FL","24-09-2019","131"
"29","Diadora Game Low","FL","23-09-2019","134"
"0","Diadora Game Low","JD","22-10-2019","134"
"1","Diadora Game Low","JD","21-10-2019","138"
"2","Diadora Game Low","JD","20-10-2019","125"
"3","Diadora Game Low","JD","19-10-2019","137"
"4","Diadora Game Low","JD","18-10-2019","124"
"5","Diadora Game Low","JD","17-10-2019","127"
"6","Diadora Game Low","JD","16-10-2019","138"
"7","Diadora Game Low","JD","15-10-2019","132"
"8","Diadora Game Low","JD","14-10-2019","126"
"9","Diadora Game Low","JD","13-10-2019","133"
"10","Diadora Game Low","JD","12-10-2019","136"
"11","Diadora Game Low","JD","11-10-2019","132"
"12","Diadora Game Low","JD","10-10-2019","134"
"13","Diadora Game Low","JD","09-10-2019","133"
"14","Diadora Game Low","JD","08-10-2019","127"
"15","Diadora Game Low","JD","07-10-2019","129"
"16","Diadora Game Low","JD","06-10-2019","139"
"17","Diadora Game Low","JD","05-10-2019","129"
"18","Diadora Game Low","JD","04-10-2019","138"
"19","Diadora Game Low","JD","03-10-2019","137"
"20","Diadora Game Low","JD","02-10-2019","139"
"21","Diadora Game Low","JD","01-10-2019","128"
"22","Diadora Game Low","JD","30-09-2019","136"
"23","Diadora Game Low","JD","29-09-2019","129"
"24","Diadora Game Low","JD","28-09-2019","131"
"25","Diadora Game Low","JD","27-09-2019","134"
"26","Diadora Game Low","JD","26-09-2019","132"
"27","Diadora Game Low","JD","25-09-2019","134"
"28","Diadora Game Low","JD","24-09-2019","134"
"29","Diadora Game Low","JD","23-09-2019","137"
"0","Nike Spizike","NIKE","22-10-2019","246"
"1","Nike Spizike","NIKE","21-10-2019","234"
"2","Nike Spizike","NIKE","20-10-2019","236"
"3","Nike Spizike","NIKE","19-10-2019","245"
"4","Nike Spizike","NIKE","18-10-2019","240"
"5","Nike Spizike","NIKE","17-10-2019","245"
"6","Nike Spizike","NIKE","16-10-2019","246"
"7","Nike Spizike","NIKE","15-10-2019","243"
"8","Nike Spizike","NIKE","14-10-2019","236"
"9","Nike Spizike","NIKE","13-10-2019","235"
"10","Nike Spizike","NIKE","12-10-2019","235"
"11","Nike Spizike","NIKE","11-10-2019","238"
"12","Nike Spizike","NIKE","10-10-2019","236"
"13","Nike Spizike","NIKE","09-10-2019","245"
"14","Nike Spizike","NIKE","08-10-2019","246"
"15","Nike Spizike","NIKE","07-10-2019","238"
"16","Nike Spizike","NIKE","06-10-2019","236"
"17","Nike Spizike","NIKE","05-10-2019","242"
"18","Nike Spizike","NIKE","04-10-2019","248"
"19","Nike Spizike","NIKE","03-10-2019","238"
"20","Nike Spizike","NIKE","02-10-2019","234"
"21","Nike Spizike","NIKE","01-10-2019","248"
"22","Nike Spizike","NIKE","30-09-2019","245"
"23","Nike Spizike","NIKE","29-09-2019","236"
"24","Nike Spizike","NIKE","28-09-2019","239"
"25","Nike Spizike","NIKE","27-09-2019","246"
"26","Nike Spizike","NIKE","26-09-2019","242"
"27","Nike Spizike","NIKE","25-09-2019","243"
"28","Nike Spizike","NIKE","24-09-2019","234"
"29","Nike Spizike","NIKE","23-09-2019","247"
"0","Nike Spizike","FL","22-10-2019","237"
"1","Nike Spizike","FL","21-10-2019","235"
"2","Nike Spizike","FL","20-10-2019","242"
"3","Nike Spizike","FL","19-10-2019","241"
"4","Nike Spizike","FL","18-10-2019","243"
"5","Nike Spizike","FL","17-10-2019","243"
"6","Nike Spizike","FL","16-10-2019","242"
"7","Nike Spizike","FL","15-10-2019","248"
"8","Nike Spizike","FL","14-10-2019","236"
"9","Nike Spizike","FL","13-10-2019","240"
"10","Nike Spizike","FL","12-10-2019","236"
"11","Nike Spizike","FL","11-10-2019","249"
"12","Nike Spizike","FL","10-10-2019","240"
"13","Nike Spizike","FL","09-10-2019","236"
"14","Nike Spizike","FL","08-10-2019","245"
"15","Nike Spizike","FL","07-10-2019","248"
"16","Nike Spizike","FL","06-10-2019","240"
"17","Nike Spizike","FL","05-10-2019","239"
"18","Nike Spizike","FL","04-10-2019","239"
"19","Nike Spizike","FL","03-10-2019","240"
"20","Nike Spizike","FL","02-10-2019","238"
"21","Nike Spizike","FL","01-10-2019","236"
"22","Nike Spizike","FL","30-09-2019","243"
"23","Nike Spizike","FL","29-09-2019","235"
"24","Nike Spizike","FL","28-09-2019","245"
"25","Nike Spizike","FL","27-09-2019","241"
"26","Nike Spizike","FL","26-09-2019","240"
"27","Nike Spizike","FL","25-09-2019","244"
"28","Nike Spizike","FL","24-09-2019","248"
"29","Nike Spizike","FL","23-09-2019","237"
"0","Nike Spizike","JD","22-10-2019","236"
"1","Nike Spizike","JD","21-10-2019","239"
"2","Nike Spizike","JD","20-10-2019","248"
"3","Nike Spizike","JD","19-10-2019","236"
"4","Nike Spizike","JD","18-10-2019","242"
"5","Nike Spizike","JD","17-10-2019","237"
"6","Nike Spizike","JD","16-10-2019","234"
"7","Nike Spizike","JD","15-10-2019","247"
"8","Nike Spizike","JD","14-10-2019","249"
"9","Nike Spizike","JD","13-10-2019","234"
"10","Nike Spizike","JD","12-10-2019","240"
"11","Nike Spizike","JD","11-10-2019","249"
"12","Nike Spizike","JD","10-10-2019","235"
"13","Nike Spizike","JD","09-10-2019","237"
"14","Nike Spizike","JD","08-10-2019","245"
"15","Nike Spizike","JD","07-10-2019","243"
"16","Nike Spizike","JD","06-10-2019","234"
"17","Nike Spizike","JD","05-10-2019","248"
"18","Nike Spizike","JD","04-10-2019","234"
"19","Nike Spizike","JD","03-10-2019","240"
"20","Nike Spizike","JD","02-10-2019","247"
"21","Nike Spizike","JD","01-10-2019","239"
"22","Nike Spizike","JD","30-09-2019","238"
"23","Nike Spizike","JD","29-09-2019","239"
"24","Nike Spizike","JD","28-09-2019","236"
"25","Nike Spizike","JD","27-09-2019","245"
"26","Nike Spizike","JD","26-09-2019","236"
"27","Nike Spizike","JD","25-09-2019","237"
"28","Nike Spizike","JD","24-09-2019","241"
"29","Nike Spizike","JD","23-09-2019","249"