"shoe_name","website","price_date","price"
"Nike Air Max 1 By You","NIKE","22-10-2019","78"
"Nike Air Max 1 By You","NIKE","21-10-2019","75"
"Nike Air Max 1 By You","NIKE","20-10-2019","77"
"Nike Air Max 1 By You","NIKE","19-10-2019","74"
"Nike Air Max 1 By You","NIKE","18-10-2019","71"
"Nike Air Max 1 By You","NIKE","17-10-2019","77"
"Nike Air Max 1 By You","NIKE","16-10-2019","79"
"Nike Air Max 1 By You","NIKE","15-10-2019","74"
"Nike Air Max 1 By You","NIKE","14-10-2019","69"
"Nike Air Max 1 By You","NIKE","13-10-2019","70"
"Nike Air Max 1 By You","NIKE","12-10-2019","68"
"Nike Air Max 1 By You","NIKE","11-10-2019","78"
"Nike Air Max 1 By You","NIKE","10-10-2019","72"
"Nike Air Max 1 By You","NIKE","09-10-2019","70"
"Nike Air Max 1 By You","NIKE","08-10-2019","75"
"Nike Air Max 1 By You","NIKE","07-10-2019","65"
"Nike Air Max 1 By You","NIKE","06-10-2019","71"
"Nike Air Max 1 By You","NIKE","05-10-2019","76"
"Nike Air Max 1 By You","NIKE","04-10-2019","77"
"Nike Air Max 1 By You","NIKE","03-10-2019","69"
"Nike Air Max 1 By You","NIKE","02-10-2019","71"
"Nike Air Max 1 By You","NIKE","01-10-2019","76"
"Nike Air Max 1 By You","NIKE","30-09-2019","64"
"Nike Air Max 1 By You","NIKE","29-09-2019","68"
"Nike Air Max 1 By You","NIKE","28-09-2019","73"
"Nike Air Max 1 By You","NIKE","27-09-2019","64"
"Nike Air Max 1 By You","NIKE","26-09-2019","76"
"Nike Air Max 1 By You","NIKE","25-09-2019","73"
"Nike Air Max 1 By You","NIKE","24-09-2019","65"
"Nike Air Max 1 By You","NIKE","23-09-2019","68"
"Nike Air Max 1 By You","FL","22-10-2019","65"
"Nike Air Max 1 By You","FL","21-10-2019","70"
"Nike Air Max 1 By You","FL","20-10-2019","65"
"Nike Air Max 1 By You","FL","19-10-2019","73"
"Nike Air Max 1 By You","FL","18-10-2019","71"
"Nike Air Max 1 By You","FL","17-10-2019","73"
"Nike Air Max 1 By You","FL","16-10-2019","71"
"Nike Air Max 1 By You","FL","15-10-2019","76"
"Nike Air Max 1 By You","FL","14-10-2019","74"
"Nike Air Max 1 By You","FL","13-10-2019","75"
"Nike Air Max 1 By You","FL","12-10-2019","70"
"Nike Air Max 1 By You","FL","11-10-2019","77"
"Nike Air Max 1 By You","FL","10-10-2019","69"
"Nike Air Max 1 By You","FL","09-10-2019","68"
"Nike Air Max 1 By You","FL","08-10-2019","64"
"Nike Air Max 1 By You","FL","07-10-2019","76"
"Nike Air Max 1 By You","FL","06-10-2019","71"
"Nike Air Max 1 By You","FL","05-10-2019","71"
"Nike Air Max 1 By You","FL","04-10-2019","66"
"Nike Air Max 1 By You","FL","03-10-2019","76"
"Nike Air Max 1 By You","FL","02-10-2019","69"
"Nike Air Max 1 By You","FL","01-10-2019","76"
"Nike Air Max 1 By You","FL","30-09-2019","68"
"Nike Air Max 1 By You","FL","29-09-2019","69"
"Nike Air Max 1 By You","FL","28-09-2019","71"
"Nike Air Max 1 By You","FL","27-09-2019","72"
"Nike Air Max 1 By You","FL","26-09-2019","66"
"Nike Air Max 1 By You","FL","25-09-2019","64"
"Nike Air Max 1 By You","FL","24-09-2019","79"
"Nike Air Max 1 By You","FL","23-09-2019","65"
"Nike Air Max 1 By You","JD","22-10-2019","65"
"Nike Air Max 1 By You","JD","21-10-2019","79"
"Nike Air Max 1 By You","JD","20-10-2019","71"
"Nike Air Max 1 By You","JD","19-10-2019","69"
"Nike Air Max 1 By You","JD","18-10-2019","75"
"Nike Air Max 1 By You","JD","17-10-2019","70"
"Nike Air Max 1 By You","JD","16-10-2019","75"
"Nike Air Max 1 By You","JD","15-10-2019","73"
"Nike Air Max 1 By You","JD","14-10-2019","72"
"Nike Air Max 1 By You","JD","13-10-2019","75"
"Nike Air Max 1 By You","JD","12-10-2019","65"
"Nike Air Max 1 By You","JD","11-10-2019","74"
"Nike Air Max 1 By You","JD","10-10-2019","71"
"Nike Air Max 1 By You","JD","09-10-2019","78"
"Nike Air Max 1 By You","JD","08-10-2019","67"
"Nike Air Max 1 By You","JD","07-10-2019","70"
"Nike Air Max 1 By You","JD","06-10-2019","76"
"Nike Air Max 1 By You","JD","05-10-2019","76"
"Nike Air Max 1 By You","JD","04-10-2019","65"
"Nike Air Max 1 By You","JD","03-10-2019","69"
"Nike Air Max 1 By You","JD","02-10-2019","74"
"Nike Air Max 1 By You","JD","01-10-2019","76"
"Nike Air Max 1 By You","JD","30-09-2019","75"
"Nike Air Max 1 By You","JD","29-09-2019","73"
"Nike Air Max 1 By You","JD","28-09-2019","68"
"Nike Air Max 1 By You","JD","27-09-2019","72"
"Nike Air Max 1 By You","JD","26-09-2019","78"
"Nike Air Max 1 By You","JD","25-09-2019","68"
"Nike Air Max 1 By You","JD","24-09-2019","75"
"Nike Air Max 1 By You","JD","23-09-2019","78"
"Nike Vapormax 2019 Utility","NIKE","22-10-2019","268"
"Nike Vapormax 2019 Utility","NIKE","21-10-2019","271"
"Nike Vapormax 2019 Utility","NIKE","20-10-2019","279"
"Nike Vapormax 2019 Utility","NIKE","19-10-2019","277"
"Nike Vapormax 2019 Utility","NIKE","18-10-2019","271"
"Nike Vapormax 2019 Utility","NIKE","17-10-2019","265"
"Nike Vapormax 2019 Utility","NIKE","16-10-2019","274"
"Nike Vapormax 2019 Utility","NIKE","15-10-2019","276"
"Nike Vapormax 2019 Utility","NIKE","14-10-2019","268"
"Nike Vapormax 2019 Utility","NIKE","13-10-2019","274"
"Nike Vapormax 2019 Utility","NIKE","12-10-2019","265"
"Nike Vapormax 2019 Utility","NIKE","11-10-2019","271"
"Nike Vapormax 2019 Utility","NIKE","10-10-2019","275"
"Nike Vapormax 2019 Utility","NIKE","09-10-2019","273"
"Nike Vapormax 2019 Utility","NIKE","08-10-2019","265"
"Nike Vapormax 2019 Utility","NIKE","07-10-2019","264"
"Nike Vapormax 2019 Utility","NIKE","06-10-2019","273"
"Nike Vapormax 2019 Utility","NIKE","05-10-2019","277"
"Nike Vapormax 2019 Utility","NIKE","04-10-2019","271"
"Nike Vapormax 2019 Utility","NIKE","03-10-2019","269"
"Nike Vapormax 2019 Utility","NIKE","02-10-2019","271"
"Nike Vapormax 2019 Utility","NIKE","01-10-2019","265"
"Nike Vapormax 2019 Utility","NIKE","30-09-2019","270"
"Nike Vapormax 2019 Utility","NIKE","29-09-2019","271"
"Nike Vapormax 2019 Utility","NIKE","28-09-2019","269"
"Nike Vapormax 2019 Utility","NIKE","27-09-2019","274"
"Nike Vapormax 2019 Utility","NIKE","26-09-2019","266"
"Nike Vapormax 2019 Utility","NIKE","25-09-2019","273"
"Nike Vapormax 2019 Utility","NIKE","24-09-2019","274"
"Nike Vapormax 2019 Utility","NIKE","23-09-2019","270"
"Nike Vapormax 2019 Utility","FL","22-10-2019","272"
"Nike Vapormax 2019 Utility","FL","21-10-2019","270"
"Nike Vapormax 2019 Utility","FL","20-10-2019","265"
"Nike Vapormax 2019 Utility","FL","19-10-2019","277"
"Nike Vapormax 2019 Utility","FL","18-10-2019","279"
"Nike Vapormax 2019 Utility","FL","17-10-2019","276"
"Nike Vapormax 2019 Utility","FL","16-10-2019","277"
"Nike Vapormax 2019 Utility","FL","15-10-2019","279"
"Nike Vapormax 2019 Utility","FL","14-10-2019","267"
"Nike Vapormax 2019 Utility","FL","13-10-2019","273"
"Nike Vapormax 2019 Utility","FL","12-10-2019","271"
"Nike Vapormax 2019 Utility","FL","11-10-2019","275"
"Nike Vapormax 2019 Utility","FL","10-10-2019","275"
"Nike Vapormax 2019 Utility","FL","09-10-2019","264"
"Nike Vapormax 2019 Utility","FL","08-10-2019","274"
"Nike Vapormax 2019 Utility","FL","07-10-2019","265"
"Nike Vapormax 2019 Utility","FL","06-10-2019","279"
"Nike Vapormax 2019 Utility","FL","05-10-2019","268"
"Nike Vapormax 2019 Utility","FL","04-10-2019","274"
"Nike Vapormax 2019 Utility","FL","03-10-2019","267"
"Nike Vapormax 2019 Utility","FL","02-10-2019","278"
"Nike Vapormax 2019 Utility","FL","01-10-2019","271"
"Nike Vapormax 2019 Utility","FL","30-09-2019","276"
"Nike Vapormax 2019 Utility","FL","29-09-2019","268"
"Nike Vapormax 2019 Utility","FL","28-09-2019","277"
"Nike Vapormax 2019 Utility","FL","27-09-2019","265"
"Nike Vapormax 2019 Utility","FL","26-09-2019","267"
"Nike Vapormax 2019 Utility","FL","25-09-2019","274"
"Nike Vapormax 2019 Utility","FL","24-09-2019","268"
"Nike Vapormax 2019 Utility","FL","23-09-2019","264"
"Nike Vapormax 2019 Utility","JD","22-10-2019","264"
"Nike Vapormax 2019 Utility","JD","21-10-2019","271"
"Nike Vapormax 2019 Utility","JD","20-10-2019","269"
"Nike Vapormax 2019 Utility","JD","19-10-2019","270"
"Nike Vapormax 2019 Utility","JD","18-10-2019","278"
"Nike Vapormax 2019 Utility","JD","17-10-2019","271"
"Nike Vapormax 2019 Utility","JD","16-10-2019","277"
"Nike Vapormax 2019 Utility","JD","15-10-2019","271"
"Nike Vapormax 2019 Utility","JD","14-10-2019","279"
"Nike Vapormax 2019 Utility","JD","13-10-2019","264"
"Nike Vapormax 2019 Utility","JD","12-10-2019","278"
"Nike Vapormax 2019 Utility","JD","11-10-2019","270"
"Nike Vapormax 2019 Utility","JD","10-10-2019","267"
"Nike Vapormax 2019 Utility","JD","09-10-2019","272"
"Nike Vapormax 2019 Utility","JD","08-10-2019","279"
"Nike Vapormax 2019 Utility","JD","07-10-2019","264"
"Nike Vapormax 2019 Utility","JD","06-10-2019","271"
"Nike Vapormax 2019 Utility","JD","05-10-2019","268"
"Nike Vapormax 2019 Utility","JD","04-10-2019","266"
"Nike Vapormax 2019 Utility","JD","03-10-2019","264"
"Nike Vapormax 2019 Utility","JD","02-10-2019","265"
"Nike Vapormax 2019 Utility","JD","01-10-2019","274"
"Nike Vapormax 2019 Utility","JD","30-09-2019","269"
"Nike Vapormax 2019 Utility","JD","29-09-2019","277"
"Nike Vapormax 2019 Utility","JD","28-09-2019","267"
"Nike Vapormax 2019 Utility","JD","27-09-2019","268"
"Nike Vapormax 2019 Utility","JD","26-09-2019","270"
"Nike Vapormax 2019 Utility","JD","25-09-2019","267"
"Nike Vapormax 2019 Utility","JD","24-09-2019","272"
"Nike Vapormax 2019 Utility","JD","23-09-2019","279"
"Jordan Mars 270","NIKE","22-10-2019","236"
"Jordan Mars 270","NIKE","21-10-2019","237"
"Jordan Mars 270","NIKE","20-10-2019","247"
"Jordan Mars 270","NIKE","19-10-2019","243"
"Jordan Mars 270","NIKE","18-10-2019","245"
"Jordan Mars 270","NIKE","17-10-2019","246"
"Jordan Mars 270","NIKE","16-10-2019","241"
"Jordan Mars 270","NIKE","15-10-2019","234"
"Jordan Mars 270","NIKE","14-10-2019","246"
"Jordan Mars 270","NIKE","13-10-2019","244"
"Jordan Mars 270","NIKE","12-10-2019","234"
"Jordan Mars 270","NIKE","11-10-2019","236"
"Jordan Mars 270","NIKE","10-10-2019","239"
"Jordan Mars 270","NIKE","09-10-2019","235"
"Jordan Mars 270","NIKE","08-10-2019","247"
"Jordan Mars 270","NIKE","07-10-2019","241"
"Jordan Mars 270","NIKE","06-10-2019","243"
"Jordan Mars 270","NIKE","05-10-2019","241"
"Jordan Mars 270","NIKE","04-10-2019","235"
"Jordan Mars 270","NIKE","03-10-2019","247"
"Jordan Mars 270","NIKE","02-10-2019","237"
"Jordan Mars 270","NIKE","01-10-2019","248"
"Jordan Mars 270","NIKE","30-09-2019","246"
"Jordan Mars 270","NIKE","29-09-2019","235"
"Jordan Mars 270","NIKE","28-09-2019","240"
"Jordan Mars 270","NIKE","27-09-2019","234"
"Jordan Mars 270","NIKE","26-09-2019","245"
"Jordan Mars 270","NIKE","25-09-2019","236"
"Jordan Mars 270","NIKE","24-09-2019","247"
"Jordan Mars 270","NIKE","23-09-2019","236"
"Jordan Mars 270","FL","22-10-2019","241"
"Jordan Mars 270","FL","21-10-2019","237"
"Jordan Mars 270","FL","20-10-2019","240"
"Jordan Mars 270","FL","19-10-2019","238"
"Jordan Mars 270","FL","18-10-2019","244"
"Jordan Mars 270","FL","17-10-2019","248"
"Jordan Mars 270","FL","16-10-2019","248"
"Jordan Mars 270","FL","15-10-2019","246"
"Jordan Mars 270","FL","14-10-2019","240"
"Jordan Mars 270","FL","13-10-2019","240"
"Jordan Mars 270","FL","12-10-2019","247"
"Jordan Mars 270","FL","11-10-2019","242"
"Jordan Mars 270","FL","10-10-2019","248"
"Jordan Mars 270","FL","09-10-2019","242"
"Jordan Mars 270","FL","08-10-2019","234"
"Jordan Mars 270","FL","07-10-2019","237"
"Jordan Mars 270","FL","06-10-2019","242"
"Jordan Mars 270","FL","05-10-2019","241"
"Jordan Mars 270","FL","04-10-2019","242"
"Jordan Mars 270","FL","03-10-2019","246"
"Jordan Mars 270","FL","02-10-2019","241"
"Jordan Mars 270","FL","01-10-2019","242"
"Jordan Mars 270","FL","30-09-2019","239"
"Jordan Mars 270","FL","29-09-2019","243"
"Jordan Mars 270","FL","28-09-2019","245"
"Jordan Mars 270","FL","27-09-2019","249"
"Jordan Mars 270","FL","26-09-2019","245"
"Jordan Mars 270","FL","25-09-2019","240"
"Jordan Mars 270","FL","24-09-2019","242"
"Jordan Mars 270","FL","23-09-2019","244"
"Jordan Mars 270","JD","22-10-2019","244"
"Jordan Mars 270","JD","21-10-2019","248"
"Jordan Mars 270","JD","20-10-2019","244"
"Jordan Mars 270","JD","19-10-2019","238"
"Jordan Mars 270","JD","18-10-2019","247"
"Jordan Mars 270","JD","17-10-2019","242"
"Jordan Mars 270","JD","16-10-2019","245"
"Jordan Mars 270","JD","15-10-2019","236"
"Jordan Mars 270","JD","14-10-2019","247"
"Jordan Mars 270","JD","13-10-2019","247"
"Jordan Mars 270","JD","12-10-2019","244"
"Jordan Mars 270","JD","11-10-2019","244"
"Jordan Mars 270","JD","10-10-2019","248"
"Jordan Mars 270","JD","09-10-2019","235"
"Jordan Mars 270","JD","08-10-2019","247"
"Jordan Mars 270","JD","07-10-2019","249"
"Jordan Mars 270","JD","06-10-2019","234"
"Jordan Mars 270","JD","05-10-2019","242"
"Jordan Mars 270","JD","04-10-2019","241"
"Jordan Mars 270","JD","03-10-2019","245"
"Jordan Mars 270","JD","02-10-2019","245"
"Jordan Mars 270","JD","01-10-2019","241"
"Jordan Mars 270","JD","30-09-2019","239"
"Jordan Mars 270","JD","29-09-2019","246"
"Jordan Mars 270","JD","28-09-2019","237"
"Jordan Mars 270","JD","27-09-2019","243"
"Jordan Mars 270","JD","26-09-2019","244"
"Jordan Mars 270","JD","25-09-2019","236"
"Jordan Mars 270","JD","24-09-2019","245"
"Jordan Mars 270","JD","23-09-2019","238"
"adidas Superstar","NIKE","22-10-2019","127"
"adidas Superstar","NIKE","21-10-2019","132"
"adidas Superstar","NIKE","20-10-2019","131"
"adidas Superstar","NIKE","19-10-2019","138"
"adidas Superstar","NIKE","18-10-2019","137"
"adidas Superstar","NIKE","17-10-2019","131"
"adidas Superstar","NIKE","16-10-2019","125"
"adidas Superstar","NIKE","15-10-2019","133"
"adidas Superstar","NIKE","14-10-2019","132"
"adidas Superstar","NIKE","13-10-2019","134"
"adidas Superstar","NIKE","12-10-2019","125"
"adidas Superstar","NIKE","11-10-2019","133"
"adidas Superstar","NIKE","10-10-2019","130"
"adidas Superstar","NIKE","09-10-2019","130"
"adidas Superstar","NIKE","08-10-2019","136"
"adidas Superstar","NIKE","07-10-2019","128"
"adidas Superstar","NIKE","06-10-2019","133"
"adidas Superstar","NIKE","05-10-2019","131"
"adidas Superstar","NIKE","04-10-2019","128"
"adidas Superstar","NIKE","03-10-2019","128"
"adidas Superstar","NIKE","02-10-2019","128"
"adidas Superstar","NIKE","01-10-2019","124"
"adidas Superstar","NIKE","30-09-2019","124"
"adidas Superstar","NIKE","29-09-2019","131"
"adidas Superstar","NIKE","28-09-2019","134"
"adidas Superstar","NIKE","27-09-2019","124"
"adidas Superstar","NIKE","26-09-2019","129"
"adidas Superstar","NIKE","25-09-2019","129"
"adidas Superstar","NIKE","24-09-2019","124"
"adidas Superstar","NIKE","23-09-2019","133"
"adidas Superstar","FL","22-10-2019","135"
"adidas Superstar","FL","21-10-2019","131"
"adidas Superstar","FL","20-10-2019","125"
"adidas Superstar","FL","19-10-2019","126"
"adidas Superstar","FL","18-10-2019","130"
"adidas Superstar","FL","17-10-2019","130"
"adidas Superstar","FL","16-10-2019","137"
"adidas Superstar","FL","15-10-2019","125"
"adidas Superstar","FL","14-10-2019","139"
"adidas Superstar","FL","13-10-2019","127"
"adidas Superstar","FL","12-10-2019","126"
"adidas Superstar","FL","11-10-2019","127"
"adidas Superstar","FL","10-10-2019","135"
"adidas Superstar","FL","09-10-2019","133"
"adidas Superstar","FL","08-10-2019","136"
"adidas Superstar","FL","07-10-2019","134"
"adidas Superstar","FL","06-10-2019","131"
"adidas Superstar","FL","05-10-2019","135"
"adidas Superstar","FL","04-10-2019","126"
"adidas Superstar","FL","03-10-2019","129"
"adidas Superstar","FL","02-10-2019","127"
"adidas Superstar","FL","01-10-2019","124"
"adidas Superstar","FL","30-09-2019","135"
"adidas Superstar","FL","29-09-2019","139"
"adidas Superstar","FL","28-09-2019","134"
"adidas Superstar","FL","27-09-2019","133"
"adidas Superstar","FL","26-09-2019","132"
"adidas Superstar","FL","25-09-2019","138"
"adidas Superstar","FL","24-09-2019","126"
"adidas Superstar","FL","23-09-2019","132"
"adidas Superstar","JD","22-10-2019","137"
"adidas Superstar","JD","21-10-2019","139"
"adidas Superstar","JD","20-10-2019","127"
"adidas Superstar","JD","19-10-2019","129"
"adidas Superstar","JD","18-10-2019","124"
"adidas Superstar","JD","17-10-2019","124"
"adidas Superstar","JD","16-10-2019","131"
"adidas Superstar","JD","15-10-2019","131"
"adidas Superstar","JD","14-10-2019","138"
"adidas Superstar","JD","13-10-2019","139"
"adidas Superstar","JD","12-10-2019","133"
"adidas Superstar","JD","11-10-2019","124"
"adidas Superstar","JD","10-10-2019","124"
"adidas Superstar","JD","09-10-2019","133"
"adidas Superstar","JD","08-10-2019","138"
"adidas Superstar","JD","07-10-2019","129"
"adidas Superstar","JD","06-10-2019","125"
"adidas Superstar","JD","05-10-2019","132"
"adidas Superstar","JD","04-10-2019","139"
"adidas Superstar","JD","03-10-2019","133"
"adidas Superstar","JD","02-10-2019","132"
"adidas Superstar","JD","01-10-2019","130"
"adidas Superstar","JD","30-09-2019","139"
"adidas Superstar","JD","29-09-2019","139"
"adidas Superstar","JD","28-09-2019","131"
"adidas Superstar","JD","27-09-2019","139"
"adidas Superstar","JD","26-09-2019","137"
"adidas Superstar","JD","25-09-2019","126"
"adidas Superstar","JD","24-09-2019","137"
"adidas Superstar","JD","23-09-2019","129"
"Nike Tuned 1","NIKE","22-10-2019","249"
"Nike Tuned 1","NIKE","21-10-2019","240"
"Nike Tuned 1","NIKE","20-10-2019","242"
"Nike Tuned 1","NIKE","19-10-2019","237"
"Nike Tuned 1","NIKE","18-10-2019","247"
"Nike Tuned 1","NIKE","17-10-2019","237"
"Nike Tuned 1","NIKE","16-10-2019","242"
"Nike Tuned 1","NIKE","15-10-2019","247"
"Nike Tuned 1","NIKE","14-10-2019","249"
"Nike Tuned 1","NIKE","13-10-2019","247"
"Nike Tuned 1","NIKE","12-10-2019","242"
"Nike Tuned 1","NIKE","11-10-2019","247"
"Nike Tuned 1","NIKE","10-10-2019","245"
"Nike Tuned 1","NIKE","09-10-2019","249"
"Nike Tuned 1","NIKE","08-10-2019","240"
"Nike Tuned 1","NIKE","07-10-2019","235"
"Nike Tuned 1","NIKE","06-10-2019","239"
"Nike Tuned 1","NIKE","05-10-2019","238"
"Nike Tuned 1","NIKE","04-10-2019","243"
"Nike Tuned 1","NIKE","03-10-2019","244"
"Nike Tuned 1","NIKE","02-10-2019","238"
"Nike Tuned 1","NIKE","01-10-2019","245"
"Nike Tuned 1","NIKE","30-09-2019","247"
"Nike Tuned 1","NIKE","29-09-2019","239"
"Nike Tuned 1","NIKE","28-09-2019","236"
"Nike Tuned 1","NIKE","27-09-2019","240"
"Nike Tuned 1","NIKE","26-09-2019","243"
"Nike Tuned 1","NIKE","25-09-2019","246"
"Nike Tuned 1","NIKE","24-09-2019","239"
"Nike Tuned 1","NIKE","23-09-2019","242"
"Nike Tuned 1","FL","22-10-2019","245"
"Nike Tuned 1","FL","21-10-2019","242"
"Nike Tuned 1","FL","20-10-2019","244"
"Nike Tuned 1","FL","19-10-2019","249"
"Nike Tuned 1","FL","18-10-2019","247"
"Nike Tuned 1","FL","17-10-2019","241"
"Nike Tuned 1","FL","16-10-2019","242"
"Nike Tuned 1","FL","15-10-2019","238"
"Nike Tuned 1","FL","14-10-2019","248"
"Nike Tuned 1","FL","13-10-2019","238"
"Nike Tuned 1","FL","12-10-2019","242"
"Nike Tuned 1","FL","11-10-2019","244"
"Nike Tuned 1","FL","10-10-2019","249"
"Nike Tuned 1","FL","09-10-2019","245"
"Nike Tuned 1","FL","08-10-2019","239"
"Nike Tuned 1","FL","07-10-2019","235"
"Nike Tuned 1","FL","06-10-2019","237"
"Nike Tuned 1","FL","05-10-2019","247"
"Nike Tuned 1","FL","04-10-2019","249"
"Nike Tuned 1","FL","03-10-2019","245"
"Nike Tuned 1","FL","02-10-2019","247"
"Nike Tuned 1","FL","01-10-2019","238"
"Nike Tuned 1","FL","30-09-2019","242"
"Nike Tuned 1","FL","29-09-2019","235"
"Nike Tuned 1","FL","28-09-2019","245"
"Nike Tuned 1","FL","27-09-2019","240"
"Nike Tuned 1","FL","26-09-2019","241"
"Nike Tuned 1","FL","25-09-2019","235"
"Nike Tuned 1","FL","24-09-2019","237"
"Nike Tuned 1","FL","23-09-2019","246"
"Nike Tuned 1","JD","22-10-2019","235"
"Nike Tuned 1","JD","21-10-2019","248"
"Nike Tuned 1","JD","20-10-2019","240"
"Nike Tuned 1","JD","19-10-2019","239"
"Nike Tuned 1","JD","18-10-2019","237"
"Nike Tuned 1","JD","17-10-2019","244"
"Nike Tuned 1","JD","16-10-2019","241"
"Nike Tuned 1","JD","15-10-2019","237"
"Nike Tuned 1","JD","14-10-2019","242"
"Nike Tuned 1","JD","13-10-2019","236"
"Nike Tuned 1","JD","12-10-2019","246"
"Nike Tuned 1","JD","11-10-2019","243"
"Nike Tuned 1","JD","10-10-2019","234"
"Nike Tuned 1","JD","09-10-2019","243"
"Nike Tuned 1","JD","08-10-2019","245"
"Nike Tuned 1","JD","07-10-2019","247"
"Nike Tuned 1","JD","06-10-2019","234"
"Nike Tuned 1","JD","05-10-2019","235"
"Nike Tuned 1","JD","04-10-2019","235"
"Nike Tuned 1","JD","03-10-2019","240"
"Nike Tuned 1","JD","02-10-2019","247"
"Nike Tuned 1","JD","01-10-2019","247"
"Nike Tuned 1","JD","30-09-2019","244"
"Nike Tuned 1","JD","29-09-2019","238"
"Nike Tuned 1","JD","28-09-2019","239"
"Nike Tuned 1","JD","27-09-2019","234"
"Nike Tuned 1","JD","26-09-2019","241"
"Nike Tuned 1","JD","25-09-2019","239"
"Nike Tuned 1","JD","24-09-2019","242"
"Nike Tuned 1","JD","23-09-2019","241"
"Champion Zone 93","NIKE","22-10-2019","151"
"Champion Zone 93","NIKE","21-10-2019","152"
"Champion Zone 93","NIKE","20-10-2019","158"
"Champion Zone 93","NIKE","19-10-2019","156"
"Champion Zone 93","NIKE","18-10-2019","145"
"Champion Zone 93","NIKE","17-10-2019","157"
"Champion Zone 93","NIKE","16-10-2019","152"
"Champion Zone 93","NIKE","15-10-2019","157"
"Champion Zone 93","NIKE","14-10-2019","145"
"Champion Zone 93","NIKE","13-10-2019","147"
"Champion Zone 93","NIKE","12-10-2019","151"
"Champion Zone 93","NIKE","11-10-2019","146"
"Champion Zone 93","NIKE","10-10-2019","156"
"Champion Zone 93","NIKE","09-10-2019","149"
"Champion Zone 93","NIKE","08-10-2019","154"
"Champion Zone 93","NIKE","07-10-2019","153"
"Champion Zone 93","NIKE","06-10-2019","157"
"Champion Zone 93","NIKE","05-10-2019","148"
"Champion Zone 93","NIKE","04-10-2019","148"
"Champion Zone 93","NIKE","03-10-2019","151"
"Champion Zone 93","NIKE","02-10-2019","157"
"Champion Zone 93","NIKE","01-10-2019","151"
"Champion Zone 93","NIKE","30-09-2019","154"
"Champion Zone 93","NIKE","29-09-2019","151"
"Champion Zone 93","NIKE","28-09-2019","151"
"Champion Zone 93","NIKE","27-09-2019","156"
"Champion Zone 93","NIKE","26-09-2019","154"
"Champion Zone 93","NIKE","25-09-2019","145"
"Champion Zone 93","NIKE","24-09-2019","156"
"Champion Zone 93","NIKE","23-09-2019","150"
"Champion Zone 93","FL","22-10-2019","154"
"Champion Zone 93","FL","21-10-2019","158"
"Champion Zone 93","FL","20-10-2019","153"
"Champion Zone 93","FL","19-10-2019","158"
"Champion Zone 93","FL","18-10-2019","158"
"Champion Zone 93","FL","17-10-2019","155"
"Champion Zone 93","FL","16-10-2019","159"
"Champion Zone 93","FL","15-10-2019","144"
"Champion Zone 93","FL","14-10-2019","159"
"Champion Zone 93","FL","13-10-2019","158"
"Champion Zone 93","FL","12-10-2019","149"
"Champion Zone 93","FL","11-10-2019","146"
"Champion Zone 93","FL","10-10-2019","156"
"Champion Zone 93","FL","09-10-2019","145"
"Champion Zone 93","FL","08-10-2019","156"
"Champion Zone 93","FL","07-10-2019","159"
"Champion Zone 93","FL","06-10-2019","159"
"Champion Zone 93","FL","05-10-2019","144"
"Champion Zone 93","FL","04-10-2019","156"
"Champion Zone 93","FL","03-10-2019","149"
"Champion Zone 93","FL","02-10-2019","149"
"Champion Zone 93","FL","01-10-2019","151"
"Champion Zone 93","FL","30-09-2019","149"
"Champion Zone 93","FL","29-09-2019","155"
"Champion Zone 93","FL","28-09-2019","154"
"Champion Zone 93","FL","27-09-2019","153"
"Champion Zone 93","FL","26-09-2019","145"
"Champion Zone 93","FL","25-09-2019","147"
"Champion Zone 93","FL","24-09-2019","151"
"Champion Zone 93","FL","23-09-2019","149"
"Champion Zone 93","JD","22-10-2019","159"
"Champion Zone 93","JD","21-10-2019","153"
"Champion Zone 93","JD","20-10-2019","151"
"Champion Zone 93","JD","19-10-2019","144"
"Champion Zone 93","JD","18-10-2019","147"
"Champion Zone 93","JD","17-10-2019","156"
"Champion Zone 93","JD","16-10-2019","157"
"Champion Zone 93","JD","15-10-2019","149"
"Champion Zone 93","JD","14-10-2019","159"
"Champion Zone 93","JD","13-10-2019","159"
"Champion Zone 93","JD","12-10-2019","149"
"Champion Zone 93","JD","11-10-2019","159"
"Champion Zone 93","JD","10-10-2019","150"
"Champion Zone 93","JD","09-10-2019","150"
"Champion Zone 93","JD","08-10-2019","153"
"Champion Zone 93","JD","07-10-2019","155"
"Champion Zone 93","JD","06-10-2019","154"
"Champion Zone 93","JD","05-10-2019","156"
"Champion Zone 93","JD","04-10-2019","147"
"Champion Zone 93","JD","03-10-2019","144"
"Champion Zone 93","JD","02-10-2019","149"
"Champion Zone 93","JD","01-10-2019","151"
"Champion Zone 93","JD","30-09-2019","153"
"Champion Zone 93","JD","29-09-2019","158"
"Champion Zone 93","JD","28-09-2019","158"
"Champion Zone 93","JD","27-09-2019","153"
"Champion Zone 93","JD","26-09-2019","157"
"Champion Zone 93","JD","25-09-2019","159"
"Champion Zone 93","JD","24-09-2019","155"
"Champion Zone 93","JD","23-09-2019","157"
"Nike Air Force 1 Low","NIKE","22-10-2019","139"
"Nike Air Force 1 Low","NIKE","21-10-2019","140"
"Nike Air Force 1 Low","NIKE","20-10-2019","149"
"Nike Air Force 1 Low","NIKE","19-10-2019","138"
"Nike Air Force 1 Low","NIKE","18-10-2019","136"
"Nike Air Force 1 Low","NIKE","17-10-2019","137"
"Nike Air Force 1 Low","NIKE","16-10-2019","147"
"Nike Air Force 1 Low","NIKE","15-10-2019","136"
"Nike Air Force 1 Low","NIKE","14-10-2019","145"
"Nike Air Force 1 Low","NIKE","13-10-2019","149"
"Nike Air Force 1 Low","NIKE","12-10-2019","149"
"Nike Air Force 1 Low","NIKE","11-10-2019","147"
"Nike Air Force 1 Low","NIKE","10-10-2019","142"
"Nike Air Force 1 Low","NIKE","09-10-2019","141"
"Nike Air Force 1 Low","NIKE","08-10-2019","149"
"Nike Air Force 1 Low","NIKE","07-10-2019","147"
"Nike Air Force 1 Low","NIKE","06-10-2019","138"
"Nike Air Force 1 Low","NIKE","05-10-2019","136"
"Nike Air Force 1 Low","NIKE","04-10-2019","140"
"Nike Air Force 1 Low","NIKE","03-10-2019","149"
"Nike Air Force 1 Low","NIKE","02-10-2019","135"
"Nike Air Force 1 Low","NIKE","01-10-2019","140"
"Nike Air Force 1 Low","NIKE","30-09-2019","137"
"Nike Air Force 1 Low","NIKE","29-09-2019","147"
"Nike Air Force 1 Low","NIKE","28-09-2019","149"
"Nike Air Force 1 Low","NIKE","27-09-2019","136"
"Nike Air Force 1 Low","NIKE","26-09-2019","144"
"Nike Air Force 1 Low","NIKE","25-09-2019","139"
"Nike Air Force 1 Low","NIKE","24-09-2019","149"
"Nike Air Force 1 Low","NIKE","23-09-2019","148"
"Nike Air Force 1 Low","FL","22-10-2019","149"
"Nike Air Force 1 Low","FL","21-10-2019","134"
"Nike Air Force 1 Low","FL","20-10-2019","135"
"Nike Air Force 1 Low","FL","19-10-2019","146"
"Nike Air Force 1 Low","FL","18-10-2019","138"
"Nike Air Force 1 Low","FL","17-10-2019","138"
"Nike Air Force 1 Low","FL","16-10-2019","149"
"Nike Air Force 1 Low","FL","15-10-2019","137"
"Nike Air Force 1 Low","FL","14-10-2019","134"
"Nike Air Force 1 Low","FL","13-10-2019","144"
"Nike Air Force 1 Low","FL","12-10-2019","146"
"Nike Air Force 1 Low","FL","11-10-2019","147"
"Nike Air Force 1 Low","FL","10-10-2019","145"
"Nike Air Force 1 Low","FL","09-10-2019","140"
"Nike Air Force 1 Low","FL","08-10-2019","140"
"Nike Air Force 1 Low","FL","07-10-2019","142"
"Nike Air Force 1 Low","FL","06-10-2019","143"
"Nike Air Force 1 Low","FL","05-10-2019","144"
"Nike Air Force 1 Low","FL","04-10-2019","138"
"Nike Air Force 1 Low","FL","03-10-2019","141"
"Nike Air Force 1 Low","FL","02-10-2019","149"
"Nike Air Force 1 Low","FL","01-10-2019","148"
"Nike Air Force 1 Low","FL","30-09-2019","139"
"Nike Air Force 1 Low","FL","29-09-2019","143"
"Nike Air Force 1 Low","FL","28-09-2019","147"
"Nike Air Force 1 Low","FL","27-09-2019","139"
"Nike Air Force 1 Low","FL","26-09-2019","135"
"Nike Air Force 1 Low","FL","25-09-2019","145"
"Nike Air Force 1 Low","FL","24-09-2019","135"
"Nike Air Force 1 Low","FL","23-09-2019","141"
"Nike Air Force 1 Low","JD","22-10-2019","138"
"Nike Air Force 1 Low","JD","21-10-2019","145"
"Nike Air Force 1 Low","JD","20-10-2019","139"
"Nike Air Force 1 Low","JD","19-10-2019","149"
"Nike Air Force 1 Low","JD","18-10-2019","147"
"Nike Air Force 1 Low","JD","17-10-2019","142"
"Nike Air Force 1 Low","JD","16-10-2019","134"
"Nike Air Force 1 Low","JD","15-10-2019","137"
"Nike Air Force 1 Low","JD","14-10-2019","144"
"Nike Air Force 1 Low","JD","13-10-2019","146"
"Nike Air Force 1 Low","JD","12-10-2019","146"
"Nike Air Force 1 Low","JD","11-10-2019","139"
"Nike Air Force 1 Low","JD","10-10-2019","140"
"Nike Air Force 1 Low","JD","09-10-2019","149"
"Nike Air Force 1 Low","JD","08-10-2019","143"
"Nike Air Force 1 Low","JD","07-10-2019","147"
"Nike Air Force 1 Low","JD","06-10-2019","149"
"Nike Air Force 1 Low","JD","05-10-2019","145"
"Nike Air Force 1 Low","JD","04-10-2019","142"
"Nike Air Force 1 Low","JD","03-10-2019","149"
"Nike Air Force 1 Low","JD","02-10-2019","134"
"Nike Air Force 1 Low","JD","01-10-2019","145"
"Nike Air Force 1 Low","JD","30-09-2019","143"
"Nike Air Force 1 Low","JD","29-09-2019","138"
"Nike Air Force 1 Low","JD","28-09-2019","147"
"Nike Air Force 1 Low","JD","27-09-2019","147"
"Nike Air Force 1 Low","JD","26-09-2019","140"
"Nike Air Force 1 Low","JD","25-09-2019","136"
"Nike Air Force 1 Low","JD","24-09-2019","147"
"Nike Air Force 1 Low","JD","23-09-2019","140"
"Nike Tuned 1","NIKE","22-10-2019","245"
"Nike Tuned 1","NIKE","21-10-2019","247"
"Nike Tuned 1","NIKE","20-10-2019","236"
"Nike Tuned 1","NIKE","19-10-2019","234"
"Nike Tuned 1","NIKE","18-10-2019","235"
"Nike Tuned 1","NIKE","17-10-2019","248"
"Nike Tuned 1","NIKE","16-10-2019","238"
"Nike Tuned 1","NIKE","15-10-2019","248"
"Nike Tuned 1","NIKE","14-10-2019","238"
"Nike Tuned 1","NIKE","13-10-2019","239"
"Nike Tuned 1","NIKE","12-10-2019","236"
"Nike Tuned 1","NIKE","11-10-2019","238"
"Nike Tuned 1","NIKE","10-10-2019","245"
"Nike Tuned 1","NIKE","09-10-2019","234"
"Nike Tuned 1","NIKE","08-10-2019","248"
"Nike Tuned 1","NIKE","07-10-2019","242"
"Nike Tuned 1","NIKE","06-10-2019","241"
"Nike Tuned 1","NIKE","05-10-2019","236"
"Nike Tuned 1","NIKE","04-10-2019","238"
"Nike Tuned 1","NIKE","03-10-2019","239"
"Nike Tuned 1","NIKE","02-10-2019","238"
"Nike Tuned 1","NIKE","01-10-2019","234"
"Nike Tuned 1","NIKE","30-09-2019","236"
"Nike Tuned 1","NIKE","29-09-2019","247"
"Nike Tuned 1","NIKE","28-09-2019","238"
"Nike Tuned 1","NIKE","27-09-2019","237"
"Nike Tuned 1","NIKE","26-09-2019","234"
"Nike Tuned 1","NIKE","25-09-2019","235"
"Nike Tuned 1","NIKE","24-09-2019","234"
"Nike Tuned 1","NIKE","23-09-2019","238"
"Nike Tuned 1","FL","22-10-2019","236"
"Nike Tuned 1","FL","21-10-2019","248"
"Nike Tuned 1","FL","20-10-2019","236"
"Nike Tuned 1","FL","19-10-2019","243"
"Nike Tuned 1","FL","18-10-2019","237"
"Nike Tuned 1","FL","17-10-2019","243"
"Nike Tuned 1","FL","16-10-2019","244"
"Nike Tuned 1","FL","15-10-2019","237"
"Nike Tuned 1","FL","14-10-2019","244"
"Nike Tuned 1","FL","13-10-2019","235"
"Nike Tuned 1","FL","12-10-2019","242"
"Nike Tuned 1","FL","11-10-2019","234"
"Nike Tuned 1","FL","10-10-2019","249"
"Nike Tuned 1","FL","09-10-2019","234"
"Nike Tuned 1","FL","08-10-2019","236"
"Nike Tuned 1","FL","07-10-2019","240"
"Nike Tuned 1","FL","06-10-2019","248"
"Nike Tuned 1","FL","05-10-2019","245"
"Nike Tuned 1","FL","04-10-2019","245"
"Nike Tuned 1","FL","03-10-2019","247"
"Nike Tuned 1","FL","02-10-2019","248"
"Nike Tuned 1","FL","01-10-2019","236"
"Nike Tuned 1","FL","30-09-2019","239"
"Nike Tuned 1","FL","29-09-2019","245"
"Nike Tuned 1","FL","28-09-2019","237"
"Nike Tuned 1","FL","27-09-2019","240"
"Nike Tuned 1","FL","26-09-2019","236"
"Nike Tuned 1","FL","25-09-2019","235"
"Nike Tuned 1","FL","24-09-2019","245"
"Nike Tuned 1","FL","23-09-2019","237"
"Nike Tuned 1","JD","22-10-2019","235"
"Nike Tuned 1","JD","21-10-2019","247"
"Nike Tuned 1","JD","20-10-2019","238"
"Nike Tuned 1","JD","19-10-2019","234"
"Nike Tuned 1","JD","18-10-2019","247"
"Nike Tuned 1","JD","17-10-2019","237"
"Nike Tuned 1","JD","16-10-2019","240"
"Nike Tuned 1","JD","15-10-2019","244"
"Nike Tuned 1","JD","14-10-2019","234"
"Nike Tuned 1","JD","13-10-2019","237"
"Nike Tuned 1","JD","12-10-2019","240"
"Nike Tuned 1","JD","11-10-2019","234"
"Nike Tuned 1","JD","10-10-2019","249"
"Nike Tuned 1","JD","09-10-2019","244"
"Nike Tuned 1","JD","08-10-2019","237"
"Nike Tuned 1","JD","07-10-2019","242"
"Nike Tuned 1","JD","06-10-2019","246"
"Nike Tuned 1","JD","05-10-2019","243"
"Nike Tuned 1","JD","04-10-2019","247"
"Nike Tuned 1","JD","03-10-2019","244"
"Nike Tuned 1","JD","02-10-2019","247"
"Nike Tuned 1","JD","01-10-2019","244"
"Nike Tuned 1","JD","30-09-2019","245"
"Nike Tuned 1","JD","29-09-2019","249"
"Nike Tuned 1","JD","28-09-2019","239"
"Nike Tuned 1","JD","27-09-2019","246"
"Nike Tuned 1","JD","26-09-2019","239"
"Nike Tuned 1","JD","25-09-2019","246"
"Nike Tuned 1","JD","24-09-2019","249"
"Nike Tuned 1","JD","23-09-2019","237"
"Nike Air Force 1 Mid","NIKE","22-10-2019","153"
"Nike Air Force 1 Mid","NIKE","21-10-2019","144"
"Nike Air Force 1 Mid","NIKE","20-10-2019","144"
"Nike Air Force 1 Mid","NIKE","19-10-2019","156"
"Nike Air Force 1 Mid","NIKE","18-10-2019","144"
"Nike Air Force 1 Mid","NIKE","17-10-2019","144"
"Nike Air Force 1 Mid","NIKE","16-10-2019","154"
"Nike Air Force 1 Mid","NIKE","15-10-2019","148"
"Nike Air Force 1 Mid","NIKE","14-10-2019","159"
"Nike Air Force 1 Mid","NIKE","13-10-2019","155"
"Nike Air Force 1 Mid","NIKE","12-10-2019","152"
"Nike Air Force 1 Mid","NIKE","11-10-2019","153"
"Nike Air Force 1 Mid","NIKE","10-10-2019","157"
"Nike Air Force 1 Mid","NIKE","09-10-2019","148"
"Nike Air Force 1 Mid","NIKE","08-10-2019","144"
"Nike Air Force 1 Mid","NIKE","07-10-2019","155"
"Nike Air Force 1 Mid","NIKE","06-10-2019","145"
"Nike Air Force 1 Mid","NIKE","05-10-2019","156"
"Nike Air Force 1 Mid","NIKE","04-10-2019","144"
"Nike Air Force 1 Mid","NIKE","03-10-2019","158"
"Nike Air Force 1 Mid","NIKE","02-10-2019","155"
"Nike Air Force 1 Mid","NIKE","01-10-2019","153"
"Nike Air Force 1 Mid","NIKE","30-09-2019","148"
"Nike Air Force 1 Mid","NIKE","29-09-2019","156"
"Nike Air Force 1 Mid","NIKE","28-09-2019","146"
"Nike Air Force 1 Mid","NIKE","27-09-2019","149"
"Nike Air Force 1 Mid","NIKE","26-09-2019","147"
"Nike Air Force 1 Mid","NIKE","25-09-2019","148"
"Nike Air Force 1 Mid","NIKE","24-09-2019","155"
"Nike Air Force 1 Mid","NIKE","23-09-2019","145"
"Nike Air Force 1 Mid","FL","22-10-2019","159"
"Nike Air Force 1 Mid","FL","21-10-2019","146"
"Nike Air Force 1 Mid","FL","20-10-2019","144"
"Nike Air Force 1 Mid","FL","19-10-2019","146"
"Nike Air Force 1 Mid","FL","18-10-2019","155"
"Nike Air Force 1 Mid","FL","17-10-2019","156"
"Nike Air Force 1 Mid","FL","16-10-2019","156"
"Nike Air Force 1 Mid","FL","15-10-2019","157"
"Nike Air Force 1 Mid","FL","14-10-2019","144"
"Nike Air Force 1 Mid","FL","13-10-2019","144"
"Nike Air Force 1 Mid","FL","12-10-2019","157"
"Nike Air Force 1 Mid","FL","11-10-2019","145"
"Nike Air Force 1 Mid","FL","10-10-2019","153"
"Nike Air Force 1 Mid","FL","09-10-2019","155"
"Nike Air Force 1 Mid","FL","08-10-2019","153"
"Nike Air Force 1 Mid","FL","07-10-2019","156"
"Nike Air Force 1 Mid","FL","06-10-2019","150"
"Nike Air Force 1 Mid","FL","05-10-2019","144"
"Nike Air Force 1 Mid","FL","04-10-2019","149"
"Nike Air Force 1 Mid","FL","03-10-2019","151"
"Nike Air Force 1 Mid","FL","02-10-2019","158"
"Nike Air Force 1 Mid","FL","01-10-2019","156"
"Nike Air Force 1 Mid","FL","30-09-2019","155"
"Nike Air Force 1 Mid","FL","29-09-2019","148"
"Nike Air Force 1 Mid","FL","28-09-2019","155"
"Nike Air Force 1 Mid","FL","27-09-2019","144"
"Nike Air Force 1 Mid","FL","26-09-2019","159"
"Nike Air Force 1 Mid","FL","25-09-2019","151"
"Nike Air Force 1 Mid","FL","24-09-2019","144"
"Nike Air Force 1 Mid","FL","23-09-2019","149"
"Nike Air Force 1 Mid","JD","22-10-2019","145"
"Nike Air Force 1 Mid","JD","21-10-2019","153"
"Nike Air Force 1 Mid","JD","20-10-2019","144"
"Nike Air Force 1 Mid","JD","19-10-2019","146"
"Nike Air Force 1 Mid","JD","18-10-2019","155"
"Nike Air Force 1 Mid","JD","17-10-2019","146"
"Nike Air Force 1 Mid","JD","16-10-2019","148"
"Nike Air Force 1 Mid","JD","15-10-2019","150"
"Nike Air Force 1 Mid","JD","14-10-2019","151"
"Nike Air Force 1 Mid","JD","13-10-2019","150"
"Nike Air Force 1 Mid","JD","12-10-2019","145"
"Nike Air Force 1 Mid","JD","11-10-2019","155"
"Nike Air Force 1 Mid","JD","10-10-2019","153"
"Nike Air Force 1 Mid","JD","09-10-2019","152"
"Nike Air Force 1 Mid","JD","08-10-2019","146"
"Nike Air Force 1 Mid","JD","07-10-2019","147"
"Nike Air Force 1 Mid","JD","06-10-2019","155"
"Nike Air Force 1 Mid","JD","05-10-2019","156"
"Nike Air Force 1 Mid","JD","04-10-2019","150"
"Nike Air Force 1 Mid","JD","03-10-2019","153"
"Nike Air Force 1 Mid","JD","02-10-2019","155"
"Nike Air Force 1 Mid","JD","01-10-2019","150"
"Nike Air Force 1 Mid","JD","30-09-2019","156"
"Nike Air Force 1 Mid","JD","29-09-2019","149"
"Nike Air Force 1 Mid","JD","28-09-2019","145"
"Nike Air Force 1 Mid","JD","27-09-2019","157"
"Nike Air Force 1 Mid","JD","26-09-2019","146"
"Nike Air Force 1 Mid","JD","25-09-2019","152"
"Nike Air Force 1 Mid","JD","24-09-2019","149"
"Nike Air Force 1 Mid","JD","23-09-2019","151"
"Adidas Stan Smith","NIKE","22-10-2019","136"
"Adidas Stan Smith","NIKE","21-10-2019","135"
"Adidas Stan Smith","NIKE","20-10-2019","136"
"Adidas Stan Smith","NIKE","19-10-2019","125"
"Adidas Stan Smith","NIKE","18-10-2019","137"
"Adidas Stan Smith","NIKE","17-10-2019","139"
"Adidas Stan Smith","NIKE","16-10-2019","134"
"Adidas Stan Smith","NIKE","15-10-2019","127"
"Adidas Stan Smith","NIKE","14-10-2019","133"
"Adidas Stan Smith","NIKE","13-10-2019","134"
"Adidas Stan Smith","NIKE","12-10-2019","128"
"Adidas Stan Smith","NIKE","11-10-2019","126"
"Adidas Stan Smith","NIKE","10-10-2019","130"
"Adidas Stan Smith","NIKE","09-10-2019","125"
"Adidas Stan Smith","NIKE","08-10-2019","130"
"Adidas Stan Smith","NIKE","07-10-2019","137"
"Adidas Stan Smith","NIKE","06-10-2019","124"
"Adidas Stan Smith","NIKE","05-10-2019","137"
"Adidas Stan Smith","NIKE","04-10-2019","133"
"Adidas Stan Smith","NIKE","03-10-2019","131"
"Adidas Stan Smith","NIKE","02-10-2019","127"
"Adidas Stan Smith","NIKE","01-10-2019","130"
"Adidas Stan Smith","NIKE","30-09-2019","135"
"Adidas Stan Smith","NIKE","29-09-2019","134"
"Adidas Stan Smith","NIKE","28-09-2019","129"
"Adidas Stan Smith","NIKE","27-09-2019","127"
"Adidas Stan Smith","NIKE","26-09-2019","133"
"Adidas Stan Smith","NIKE","25-09-2019","126"
"Adidas Stan Smith","NIKE","24-09-2019","135"
"Adidas Stan Smith","NIKE","23-09-2019","128"
"Adidas Stan Smith","FL","22-10-2019","126"
"Adidas Stan Smith","FL","21-10-2019","134"
"Adidas Stan Smith","FL","20-10-2019","135"
"Adidas Stan Smith","FL","19-10-2019","137"
"Adidas Stan Smith","FL","18-10-2019","125"
"Adidas Stan Smith","FL","17-10-2019","138"
"Adidas Stan Smith","FL","16-10-2019","132"
"Adidas Stan Smith","FL","15-10-2019","129"
"Adidas Stan Smith","FL","14-10-2019","134"
"Adidas Stan Smith","FL","13-10-2019","128"
"Adidas Stan Smith","FL","12-10-2019","124"
"Adidas Stan Smith","FL","11-10-2019","137"
"Adidas Stan Smith","FL","10-10-2019","138"
"Adidas Stan Smith","FL","09-10-2019","132"
"Adidas Stan Smith","FL","08-10-2019","135"
"Adidas Stan Smith","FL","07-10-2019","139"
"Adidas Stan Smith","FL","06-10-2019","131"
"Adidas Stan Smith","FL","05-10-2019","130"
"Adidas Stan Smith","FL","04-10-2019","128"
"Adidas Stan Smith","FL","03-10-2019","139"
"Adidas Stan Smith","FL","02-10-2019","125"
"Adidas Stan Smith","FL","01-10-2019","138"
"Adidas Stan Smith","FL","30-09-2019","138"
"Adidas Stan Smith","FL","29-09-2019","129"
"Adidas Stan Smith","FL","28-09-2019","127"
"Adidas Stan Smith","FL","27-09-2019","139"
"Adidas Stan Smith","FL","26-09-2019","125"
"Adidas Stan Smith","FL","25-09-2019","125"
"Adidas Stan Smith","FL","24-09-2019","136"
"Adidas Stan Smith","FL","23-09-2019","138"
"Adidas Stan Smith","JD","22-10-2019","129"
"Adidas Stan Smith","JD","21-10-2019","130"
"Adidas Stan Smith","JD","20-10-2019","129"
"Adidas Stan Smith","JD","19-10-2019","134"
"Adidas Stan Smith","JD","18-10-2019","126"
"Adidas Stan Smith","JD","17-10-2019","137"
"Adidas Stan Smith","JD","16-10-2019","137"
"Adidas Stan Smith","JD","15-10-2019","128"
"Adidas Stan Smith","JD","14-10-2019","129"
"Adidas Stan Smith","JD","13-10-2019","127"
"Adidas Stan Smith","JD","12-10-2019","132"
"Adidas Stan Smith","JD","11-10-2019","136"
"Adidas Stan Smith","JD","10-10-2019","125"
"Adidas Stan Smith","JD","09-10-2019","127"
"Adidas Stan Smith","JD","08-10-2019","133"
"Adidas Stan Smith","JD","07-10-2019","129"
"Adidas Stan Smith","JD","06-10-2019","125"
"Adidas Stan Smith","JD","05-10-2019","139"
"Adidas Stan Smith","JD","04-10-2019","129"
"Adidas Stan Smith","JD","03-10-2019","125"
"Adidas Stan Smith","JD","02-10-2019","131"
"Adidas Stan Smith","JD","01-10-2019","125"
"Adidas Stan Smith","JD","30-09-2019","136"
"Adidas Stan Smith","JD","29-09-2019","125"
"Adidas Stan Smith","JD","28-09-2019","134"
"Adidas Stan Smith","JD","27-09-2019","128"
"Adidas Stan Smith","JD","26-09-2019","129"
"Adidas Stan Smith","JD","25-09-2019","133"
"Adidas Stan Smith","JD","24-09-2019","124"
"Adidas Stan Smith","JD","23-09-2019","131"
"Asics Gel Kayano","NIKE","22-10-2019","245"
"Asics Gel Kayano","NIKE","21-10-2019","244"
"Asics Gel Kayano","NIKE","20-10-2019","235"
"Asics Gel Kayano","NIKE","19-10-2019","236"
"Asics Gel Kayano","NIKE","18-10-2019","246"
"Asics Gel Kayano","NIKE","17-10-2019","245"
"Asics Gel Kayano","NIKE","16-10-2019","242"
"Asics Gel Kayano","NIKE","15-10-2019","234"
"Asics Gel Kayano","NIKE","14-10-2019","241"
"Asics Gel Kayano","NIKE","13-10-2019","238"
"Asics Gel Kayano","NIKE","12-10-2019","241"
"Asics Gel Kayano","NIKE","11-10-2019","240"
"Asics Gel Kayano","NIKE","10-10-2019","245"
"Asics Gel Kayano","NIKE","09-10-2019","237"
"Asics Gel Kayano","NIKE","08-10-2019","243"
"Asics Gel Kayano","NIKE","07-10-2019","247"
"Asics Gel Kayano","NIKE","06-10-2019","246"
"Asics Gel Kayano","NIKE","05-10-2019","235"
"Asics Gel Kayano","NIKE","04-10-2019","237"
"Asics Gel Kayano","NIKE","03-10-2019","242"
"Asics Gel Kayano","NIKE","02-10-2019","246"
"Asics Gel Kayano","NIKE","01-10-2019","249"
"Asics Gel Kayano","NIKE","30-09-2019","246"
"Asics Gel Kayano","NIKE","29-09-2019","242"
"Asics Gel Kayano","NIKE","28-09-2019","247"
"Asics Gel Kayano","NIKE","27-09-2019","245"
"Asics Gel Kayano","NIKE","26-09-2019","245"
"Asics Gel Kayano","NIKE","25-09-2019","241"
"Asics Gel Kayano","NIKE","24-09-2019","242"
"Asics Gel Kayano","NIKE","23-09-2019","236"
"Asics Gel Kayano","FL","22-10-2019","240"
"Asics Gel Kayano","FL","21-10-2019","237"
"Asics Gel Kayano","FL","20-10-2019","245"
"Asics Gel Kayano","FL","19-10-2019","248"
"Asics Gel Kayano","FL","18-10-2019","239"
"Asics Gel Kayano","FL","17-10-2019","248"
"Asics Gel Kayano","FL","16-10-2019","235"
"Asics Gel Kayano","FL","15-10-2019","248"
"Asics Gel Kayano","FL","14-10-2019","234"
"Asics Gel Kayano","FL","13-10-2019","249"
"Asics Gel Kayano","FL","12-10-2019","241"
"Asics Gel Kayano","FL","11-10-2019","241"
"Asics Gel Kayano","FL","10-10-2019","239"
"Asics Gel Kayano","FL","09-10-2019","249"
"Asics Gel Kayano","FL","08-10-2019","241"
"Asics Gel Kayano","FL","07-10-2019","249"
"Asics Gel Kayano","FL","06-10-2019","240"
"Asics Gel Kayano","FL","05-10-2019","237"
"Asics Gel Kayano","FL","04-10-2019","242"
"Asics Gel Kayano","FL","03-10-2019","248"
"Asics Gel Kayano","FL","02-10-2019","235"
"Asics Gel Kayano","FL","01-10-2019","242"
"Asics Gel Kayano","FL","30-09-2019","235"
"Asics Gel Kayano","FL","29-09-2019","245"
"Asics Gel Kayano","FL","28-09-2019","238"
"Asics Gel Kayano","FL","27-09-2019","240"
"Asics Gel Kayano","FL","26-09-2019","249"
"Asics Gel Kayano","FL","25-09-2019","239"
"Asics Gel Kayano","FL","24-09-2019","243"
"Asics Gel Kayano","FL","23-09-2019","241"
"Asics Gel Kayano","JD","22-10-2019","245"
"Asics Gel Kayano","JD","21-10-2019","244"
"Asics Gel Kayano","JD","20-10-2019","236"
"Asics Gel Kayano","JD","19-10-2019","241"
"Asics Gel Kayano","JD","18-10-2019","246"
"Asics Gel Kayano","JD","17-10-2019","244"
"Asics Gel Kayano","JD","16-10-2019","244"
"Asics Gel Kayano","JD","15-10-2019","240"
"Asics Gel Kayano","JD","14-10-2019","245"
"Asics Gel Kayano","JD","13-10-2019","246"
"Asics Gel Kayano","JD","12-10-2019","240"
"Asics Gel Kayano","JD","11-10-2019","245"
"Asics Gel Kayano","JD","10-10-2019","236"
"Asics Gel Kayano","JD","09-10-2019","248"
"Asics Gel Kayano","JD","08-10-2019","234"
"Asics Gel Kayano","JD","07-10-2019","237"
"Asics Gel Kayano","JD","06-10-2019","240"
"Asics Gel Kayano","JD","05-10-2019","240"
"Asics Gel Kayano","JD","04-10-2019","243"
"Asics Gel Kayano","JD","03-10-2019","234"
"Asics Gel Kayano","JD","02-10-2019","238"
"Asics Gel Kayano","JD","01-10-2019","238"
"Asics Gel Kayano","JD","30-09-2019","246"
"Asics Gel Kayano","JD","29-09-2019","247"
"Asics Gel Kayano","JD","28-09-2019","248"
"Asics Gel Kayano","JD","27-09-2019","239"
"Asics Gel Kayano","JD","26-09-2019","241"
"Asics Gel Kayano","JD","25-09-2019","243"
"Asics Gel Kayano","JD","24-09-2019","241"
"Asics Gel Kayano","JD","23-09-2019","244"
"Reebok Superflex V2","NIKE","22-10-2019","255"
"Reebok Superflex V2","NIKE","21-10-2019","251"
"Reebok Superflex V2","NIKE","20-10-2019","245"
"Reebok Superflex V2","NIKE","19-10-2019","246"
"Reebok Superflex V2","NIKE","18-10-2019","247"
"Reebok Superflex V2","NIKE","17-10-2019","244"
"Reebok Superflex V2","NIKE","16-10-2019","244"
"Reebok Superflex V2","NIKE","15-10-2019","244"
"Reebok Superflex V2","NIKE","14-10-2019","248"
"Reebok Superflex V2","NIKE","13-10-2019","250"
"Reebok Superflex V2","NIKE","12-10-2019","249"
"Reebok Superflex V2","NIKE","11-10-2019","252"
"Reebok Superflex V2","NIKE","10-10-2019","245"
"Reebok Superflex V2","NIKE","09-10-2019","246"
"Reebok Superflex V2","NIKE","08-10-2019","257"
"Reebok Superflex V2","NIKE","07-10-2019","252"
"Reebok Superflex V2","NIKE","06-10-2019","248"
"Reebok Superflex V2","NIKE","05-10-2019","250"
"Reebok Superflex V2","NIKE","04-10-2019","249"
"Reebok Superflex V2","NIKE","03-10-2019","245"
"Reebok Superflex V2","NIKE","02-10-2019","251"
"Reebok Superflex V2","NIKE","01-10-2019","249"
"Reebok Superflex V2","NIKE","30-09-2019","255"
"Reebok Superflex V2","NIKE","29-09-2019","256"
"Reebok Superflex V2","NIKE","28-09-2019","257"
"Reebok Superflex V2","NIKE","27-09-2019","257"
"Reebok Superflex V2","NIKE","26-09-2019","248"
"Reebok Superflex V2","NIKE","25-09-2019","244"
"Reebok Superflex V2","NIKE","24-09-2019","244"
"Reebok Superflex V2","NIKE","23-09-2019","245"
"Reebok Superflex V2","FL","22-10-2019","244"
"Reebok Superflex V2","FL","21-10-2019","254"
"Reebok Superflex V2","FL","20-10-2019","248"
"Reebok Superflex V2","FL","19-10-2019","252"
"Reebok Superflex V2","FL","18-10-2019","257"
"Reebok Superflex V2","FL","17-10-2019","253"
"Reebok Superflex V2","FL","16-10-2019","254"
"Reebok Superflex V2","FL","15-10-2019","256"
"Reebok Superflex V2","FL","14-10-2019","254"
"Reebok Superflex V2","FL","13-10-2019","254"
"Reebok Superflex V2","FL","12-10-2019","258"
"Reebok Superflex V2","FL","11-10-2019","250"
"Reebok Superflex V2","FL","10-10-2019","251"
"Reebok Superflex V2","FL","09-10-2019","256"
"Reebok Superflex V2","FL","08-10-2019","247"
"Reebok Superflex V2","FL","07-10-2019","257"
"Reebok Superflex V2","FL","06-10-2019","249"
"Reebok Superflex V2","FL","05-10-2019","257"
"Reebok Superflex V2","FL","04-10-2019","247"
"Reebok Superflex V2","FL","03-10-2019","248"
"Reebok Superflex V2","FL","02-10-2019","249"
"Reebok Superflex V2","FL","01-10-2019","244"
"Reebok Superflex V2","FL","30-09-2019","258"
"Reebok Superflex V2","FL","29-09-2019","256"
"Reebok Superflex V2","FL","28-09-2019","244"
"Reebok Superflex V2","FL","27-09-2019","245"
"Reebok Superflex V2","FL","26-09-2019","257"
"Reebok Superflex V2","FL","25-09-2019","248"
"Reebok Superflex V2","FL","24-09-2019","254"
"Reebok Superflex V2","FL","23-09-2019","247"
"Reebok Superflex V2","JD","22-10-2019","254"
"Reebok Superflex V2","JD","21-10-2019","256"
"Reebok Superflex V2","JD","20-10-2019","259"
"Reebok Superflex V2","JD","19-10-2019","244"
"Reebok Superflex V2","JD","18-10-2019","244"
"Reebok Superflex V2","JD","17-10-2019","247"
"Reebok Superflex V2","JD","16-10-2019","246"
"Reebok Superflex V2","JD","15-10-2019","244"
"Reebok Superflex V2","JD","14-10-2019","253"
"Reebok Superflex V2","JD","13-10-2019","257"
"Reebok Superflex V2","JD","12-10-2019","244"
"Reebok Superflex V2","JD","11-10-2019","249"
"Reebok Superflex V2","JD","10-10-2019","258"
"Reebok Superflex V2","JD","09-10-2019","259"
"Reebok Superflex V2","JD","08-10-2019","258"
"Reebok Superflex V2","JD","07-10-2019","257"
"Reebok Superflex V2","JD","06-10-2019","244"
"Reebok Superflex V2","JD","05-10-2019","246"
"Reebok Superflex V2","JD","04-10-2019","250"
"Reebok Superflex V2","JD","03-10-2019","255"
"Reebok Superflex V2","JD","02-10-2019","245"
"Reebok Superflex V2","JD","01-10-2019","250"
"Reebok Superflex V2","JD","30-09-2019","258"
"Reebok Superflex V2","JD","29-09-2019","247"
"Reebok Superflex V2","JD","28-09-2019","254"
"Reebok Superflex V2","JD","27-09-2019","245"
"Reebok Superflex V2","JD","26-09-2019","252"
"Reebok Superflex V2","JD","25-09-2019","259"
"Reebok Superflex V2","JD","24-09-2019","258"
"Reebok Superflex V2","JD","23-09-2019","255"
"Asics Gel Quantum Jcq 360","NIKE","22-10-2019","265"
"Asics Gel Quantum Jcq 360","NIKE","21-10-2019","271"
"Asics Gel Quantum Jcq 360","NIKE","20-10-2019","273"
"Asics Gel Quantum Jcq 360","NIKE","19-10-2019","277"
"Asics Gel Quantum Jcq 360","NIKE","18-10-2019","271"
"Asics Gel Quantum Jcq 360","NIKE","17-10-2019","275"
"Asics Gel Quantum Jcq 360","NIKE","16-10-2019","275"
"Asics Gel Quantum Jcq 360","NIKE","15-10-2019","272"
"Asics Gel Quantum Jcq 360","NIKE","14-10-2019","271"
"Asics Gel Quantum Jcq 360","NIKE","13-10-2019","277"
"Asics Gel Quantum Jcq 360","NIKE","12-10-2019","274"
"Asics Gel Quantum Jcq 360","NIKE","11-10-2019","274"
"Asics Gel Quantum Jcq 360","NIKE","10-10-2019","278"
"Asics Gel Quantum Jcq 360","NIKE","09-10-2019","277"
"Asics Gel Quantum Jcq 360","NIKE","08-10-2019","270"
"Asics Gel Quantum Jcq 360","NIKE","07-10-2019","266"
"Asics Gel Quantum Jcq 360","NIKE","06-10-2019","269"
"Asics Gel Quantum Jcq 360","NIKE","05-10-2019","276"
"Asics Gel Quantum Jcq 360","NIKE","04-10-2019","271"
"Asics Gel Quantum Jcq 360","NIKE","03-10-2019","271"
"Asics Gel Quantum Jcq 360","NIKE","02-10-2019","275"
"Asics Gel Quantum Jcq 360","NIKE","01-10-2019","267"
"Asics Gel Quantum Jcq 360","NIKE","30-09-2019","274"
"Asics Gel Quantum Jcq 360","NIKE","29-09-2019","279"
"Asics Gel Quantum Jcq 360","NIKE","28-09-2019","279"
"Asics Gel Quantum Jcq 360","NIKE","27-09-2019","273"
"Asics Gel Quantum Jcq 360","NIKE","26-09-2019","270"
"Asics Gel Quantum Jcq 360","NIKE","25-09-2019","277"
"Asics Gel Quantum Jcq 360","NIKE","24-09-2019","273"
"Asics Gel Quantum Jcq 360","NIKE","23-09-2019","265"
"Asics Gel Quantum Jcq 360","FL","22-10-2019","267"
"Asics Gel Quantum Jcq 360","FL","21-10-2019","270"
"Asics Gel Quantum Jcq 360","FL","20-10-2019","279"
"Asics Gel Quantum Jcq 360","FL","19-10-2019","268"
"Asics Gel Quantum Jcq 360","FL","18-10-2019","269"
"Asics Gel Quantum Jcq 360","FL","17-10-2019","278"
"Asics Gel Quantum Jcq 360","FL","16-10-2019","272"
"Asics Gel Quantum Jcq 360","FL","15-10-2019","269"
"Asics Gel Quantum Jcq 360","FL","14-10-2019","275"
"Asics Gel Quantum Jcq 360","FL","13-10-2019","268"
"Asics Gel Quantum Jcq 360","FL","12-10-2019","269"
"Asics Gel Quantum Jcq 360","FL","11-10-2019","275"
"Asics Gel Quantum Jcq 360","FL","10-10-2019","278"
"Asics Gel Quantum Jcq 360","FL","09-10-2019","272"
"Asics Gel Quantum Jcq 360","FL","08-10-2019","277"
"Asics Gel Quantum Jcq 360","FL","07-10-2019","273"
"Asics Gel Quantum Jcq 360","FL","06-10-2019","277"
"Asics Gel Quantum Jcq 360","FL","05-10-2019","278"
"Asics Gel Quantum Jcq 360","FL","04-10-2019","275"
"Asics Gel Quantum Jcq 360","FL","03-10-2019","275"
"Asics Gel Quantum Jcq 360","FL","02-10-2019","277"
"Asics Gel Quantum Jcq 360","FL","01-10-2019","271"
"Asics Gel Quantum Jcq 360","FL","30-09-2019","267"
"Asics Gel Quantum Jcq 360","FL","29-09-2019","273"
"Asics Gel Quantum Jcq 360","FL","28-09-2019","275"
"Asics Gel Quantum Jcq 360","FL","27-09-2019","267"
"Asics Gel Quantum Jcq 360","FL","26-09-2019","273"
"Asics Gel Quantum Jcq 360","FL","25-09-2019","274"
"Asics Gel Quantum Jcq 360","FL","24-09-2019","278"
"Asics Gel Quantum Jcq 360","FL","23-09-2019","271"
"Asics Gel Quantum Jcq 360","JD","22-10-2019","267"
"Asics Gel Quantum Jcq 360","JD","21-10-2019","267"
"Asics Gel Quantum Jcq 360","JD","20-10-2019","264"
"Asics Gel Quantum Jcq 360","JD","19-10-2019","275"
"Asics Gel Quantum Jcq 360","JD","18-10-2019","266"
"Asics Gel Quantum Jcq 360","JD","17-10-2019","273"
"Asics Gel Quantum Jcq 360","JD","16-10-2019","264"
"Asics Gel Quantum Jcq 360","JD","15-10-2019","264"
"Asics Gel Quantum Jcq 360","JD","14-10-2019","274"
"Asics Gel Quantum Jcq 360","JD","13-10-2019","264"
"Asics Gel Quantum Jcq 360","JD","12-10-2019","264"
"Asics Gel Quantum Jcq 360","JD","11-10-2019","275"
"Asics Gel Quantum Jcq 360","JD","10-10-2019","276"
"Asics Gel Quantum Jcq 360","JD","09-10-2019","279"
"Asics Gel Quantum Jcq 360","JD","08-10-2019","265"
"Asics Gel Quantum Jcq 360","JD","07-10-2019","267"
"Asics Gel Quantum Jcq 360","JD","06-10-2019","264"
"Asics Gel Quantum Jcq 360","JD","05-10-2019","278"
"Asics Gel Quantum Jcq 360","JD","04-10-2019","276"
"Asics Gel Quantum Jcq 360","JD","03-10-2019","279"
"Asics Gel Quantum Jcq 360","JD","02-10-2019","272"
"Asics Gel Quantum Jcq 360","JD","01-10-2019","268"
"Asics Gel Quantum Jcq 360","JD","30-09-2019","278"
"Asics Gel Quantum Jcq 360","JD","29-09-2019","271"
"Asics Gel Quantum Jcq 360","JD","28-09-2019","275"
"Asics Gel Quantum Jcq 360","JD","27-09-2019","269"
"Asics Gel Quantum Jcq 360","JD","26-09-2019","279"
"Asics Gel Quantum Jcq 360","JD","25-09-2019","273"
"Asics Gel Quantum Jcq 360","JD","24-09-2019","269"
"Asics Gel Quantum Jcq 360","JD","23-09-2019","275"
"Nike Air Max Plus Deconstructed","NIKE","22-10-2019","257"
"Nike Air Max Plus Deconstructed","NIKE","21-10-2019","248"
"Nike Air Max Plus Deconstructed","NIKE","20-10-2019","253"
"Nike Air Max Plus Deconstructed","NIKE","19-10-2019","248"
"Nike Air Max Plus Deconstructed","NIKE","18-10-2019","246"
"Nike Air Max Plus Deconstructed","NIKE","17-10-2019","244"
"Nike Air Max Plus Deconstructed","NIKE","16-10-2019","249"
"Nike Air Max Plus Deconstructed","NIKE","15-10-2019","250"
"Nike Air Max Plus Deconstructed","NIKE","14-10-2019","247"
"Nike Air Max Plus Deconstructed","NIKE","13-10-2019","257"
"Nike Air Max Plus Deconstructed","NIKE","12-10-2019","250"
"Nike Air Max Plus Deconstructed","NIKE","11-10-2019","244"
"Nike Air Max Plus Deconstructed","NIKE","10-10-2019","252"
"Nike Air Max Plus Deconstructed","NIKE","09-10-2019","252"
"Nike Air Max Plus Deconstructed","NIKE","08-10-2019","258"
"Nike Air Max Plus Deconstructed","NIKE","07-10-2019","251"
"Nike Air Max Plus Deconstructed","NIKE","06-10-2019","247"
"Nike Air Max Plus Deconstructed","NIKE","05-10-2019","250"
"Nike Air Max Plus Deconstructed","NIKE","04-10-2019","258"
"Nike Air Max Plus Deconstructed","NIKE","03-10-2019","249"
"Nike Air Max Plus Deconstructed","NIKE","02-10-2019","252"
"Nike Air Max Plus Deconstructed","NIKE","01-10-2019","257"
"Nike Air Max Plus Deconstructed","NIKE","30-09-2019","250"
"Nike Air Max Plus Deconstructed","NIKE","29-09-2019","248"
"Nike Air Max Plus Deconstructed","NIKE","28-09-2019","253"
"Nike Air Max Plus Deconstructed","NIKE","27-09-2019","247"
"Nike Air Max Plus Deconstructed","NIKE","26-09-2019","247"
"Nike Air Max Plus Deconstructed","NIKE","25-09-2019","247"
"Nike Air Max Plus Deconstructed","NIKE","24-09-2019","247"
"Nike Air Max Plus Deconstructed","NIKE","23-09-2019","245"
"Nike Air Max Plus Deconstructed","FL","22-10-2019","246"
"Nike Air Max Plus Deconstructed","FL","21-10-2019","257"
"Nike Air Max Plus Deconstructed","FL","20-10-2019","258"
"Nike Air Max Plus Deconstructed","FL","19-10-2019","248"
"Nike Air Max Plus Deconstructed","FL","18-10-2019","248"
"Nike Air Max Plus Deconstructed","FL","17-10-2019","257"
"Nike Air Max Plus Deconstructed","FL","16-10-2019","258"
"Nike Air Max Plus Deconstructed","FL","15-10-2019","246"
"Nike Air Max Plus Deconstructed","FL","14-10-2019","251"
"Nike Air Max Plus Deconstructed","FL","13-10-2019","258"
"Nike Air Max Plus Deconstructed","FL","12-10-2019","252"
"Nike Air Max Plus Deconstructed","FL","11-10-2019","258"
"Nike Air Max Plus Deconstructed","FL","10-10-2019","257"
"Nike Air Max Plus Deconstructed","FL","09-10-2019","249"
"Nike Air Max Plus Deconstructed","FL","08-10-2019","257"
"Nike Air Max Plus Deconstructed","FL","07-10-2019","246"
"Nike Air Max Plus Deconstructed","FL","06-10-2019","252"
"Nike Air Max Plus Deconstructed","FL","05-10-2019","249"
"Nike Air Max Plus Deconstructed","FL","04-10-2019","256"
"Nike Air Max Plus Deconstructed","FL","03-10-2019","256"
"Nike Air Max Plus Deconstructed","FL","02-10-2019","244"
"Nike Air Max Plus Deconstructed","FL","01-10-2019","251"
"Nike Air Max Plus Deconstructed","FL","30-09-2019","255"
"Nike Air Max Plus Deconstructed","FL","29-09-2019","247"
"Nike Air Max Plus Deconstructed","FL","28-09-2019","251"
"Nike Air Max Plus Deconstructed","FL","27-09-2019","252"
"Nike Air Max Plus Deconstructed","FL","26-09-2019","248"
"Nike Air Max Plus Deconstructed","FL","25-09-2019","250"
"Nike Air Max Plus Deconstructed","FL","24-09-2019","246"
"Nike Air Max Plus Deconstructed","FL","23-09-2019","256"
"Nike Air Max Plus Deconstructed","JD","22-10-2019","246"
"Nike Air Max Plus Deconstructed","JD","21-10-2019","256"
"Nike Air Max Plus Deconstructed","JD","20-10-2019","246"
"Nike Air Max Plus Deconstructed","JD","19-10-2019","253"
"Nike Air Max Plus Deconstructed","JD","18-10-2019","246"
"Nike Air Max Plus Deconstructed","JD","17-10-2019","254"
"Nike Air Max Plus Deconstructed","JD","16-10-2019","257"
"Nike Air Max Plus Deconstructed","JD","15-10-2019","255"
"Nike Air Max Plus Deconstructed","JD","14-10-2019","244"
"Nike Air Max Plus Deconstructed","JD","13-10-2019","248"
"Nike Air Max Plus Deconstructed","JD","12-10-2019","245"
"Nike Air Max Plus Deconstructed","JD","11-10-2019","244"
"Nike Air Max Plus Deconstructed","JD","10-10-2019","253"
"Nike Air Max Plus Deconstructed","JD","09-10-2019","252"
"Nike Air Max Plus Deconstructed","JD","08-10-2019","257"
"Nike Air Max Plus Deconstructed","JD","07-10-2019","249"
"Nike Air Max Plus Deconstructed","JD","06-10-2019","256"
"Nike Air Max Plus Deconstructed","JD","05-10-2019","244"
"Nike Air Max Plus Deconstructed","JD","04-10-2019","251"
"Nike Air Max Plus Deconstructed","JD","03-10-2019","246"
"Nike Air Max Plus Deconstructed","JD","02-10-2019","247"
"Nike Air Max Plus Deconstructed","JD","01-10-2019","248"
"Nike Air Max Plus Deconstructed","JD","30-09-2019","254"
"Nike Air Max Plus Deconstructed","JD","29-09-2019","245"
"Nike Air Max Plus Deconstructed","JD","28-09-2019","246"
"Nike Air Max Plus Deconstructed","JD","27-09-2019","254"
"Nike Air Max Plus Deconstructed","JD","26-09-2019","254"
"Nike Air Max Plus Deconstructed","JD","25-09-2019","244"
"Nike Air Max Plus Deconstructed","JD","24-09-2019","250"
"Nike Air Max Plus Deconstructed","JD","23-09-2019","244"
"Nike Legacy 312","NIKE","22-10-2019","210"
"Nike Legacy 312","NIKE","21-10-2019","210"
"Nike Legacy 312","NIKE","20-10-2019","210"
"Nike Legacy 312","NIKE","19-10-2019","214"
"Nike Legacy 312","NIKE","18-10-2019","205"
"Nike Legacy 312","NIKE","17-10-2019","207"
"Nike Legacy 312","NIKE","16-10-2019","204"
"Nike Legacy 312","NIKE","15-10-2019","212"
"Nike Legacy 312","NIKE","14-10-2019","209"
"Nike Legacy 312","NIKE","13-10-2019","216"
"Nike Legacy 312","NIKE","12-10-2019","209"
"Nike Legacy 312","NIKE","11-10-2019","208"
"Nike Legacy 312","NIKE","10-10-2019","219"
"Nike Legacy 312","NIKE","09-10-2019","210"
"Nike Legacy 312","NIKE","08-10-2019","210"
"Nike Legacy 312","NIKE","07-10-2019","216"
"Nike Legacy 312","NIKE","06-10-2019","208"
"Nike Legacy 312","NIKE","05-10-2019","214"
"Nike Legacy 312","NIKE","04-10-2019","209"
"Nike Legacy 312","NIKE","03-10-2019","214"
"Nike Legacy 312","NIKE","02-10-2019","207"
"Nike Legacy 312","NIKE","01-10-2019","211"
"Nike Legacy 312","NIKE","30-09-2019","211"
"Nike Legacy 312","NIKE","29-09-2019","205"
"Nike Legacy 312","NIKE","28-09-2019","212"
"Nike Legacy 312","NIKE","27-09-2019","207"
"Nike Legacy 312","NIKE","26-09-2019","207"
"Nike Legacy 312","NIKE","25-09-2019","205"
"Nike Legacy 312","NIKE","24-09-2019","205"
"Nike Legacy 312","NIKE","23-09-2019","215"
"Nike Legacy 312","FL","22-10-2019","218"
"Nike Legacy 312","FL","21-10-2019","209"
"Nike Legacy 312","FL","20-10-2019","208"
"Nike Legacy 312","FL","19-10-2019","211"
"Nike Legacy 312","FL","18-10-2019","209"
"Nike Legacy 312","FL","17-10-2019","216"
"Nike Legacy 312","FL","16-10-2019","219"
"Nike Legacy 312","FL","15-10-2019","210"
"Nike Legacy 312","FL","14-10-2019","204"
"Nike Legacy 312","FL","13-10-2019","209"
"Nike Legacy 312","FL","12-10-2019","211"
"Nike Legacy 312","FL","11-10-2019","214"
"Nike Legacy 312","FL","10-10-2019","211"
"Nike Legacy 312","FL","09-10-2019","208"
"Nike Legacy 312","FL","08-10-2019","218"
"Nike Legacy 312","FL","07-10-2019","206"
"Nike Legacy 312","FL","06-10-2019","210"
"Nike Legacy 312","FL","05-10-2019","205"
"Nike Legacy 312","FL","04-10-2019","213"
"Nike Legacy 312","FL","03-10-2019","210"
"Nike Legacy 312","FL","02-10-2019","205"
"Nike Legacy 312","FL","01-10-2019","218"
"Nike Legacy 312","FL","30-09-2019","210"
"Nike Legacy 312","FL","29-09-2019","215"
"Nike Legacy 312","FL","28-09-2019","215"
"Nike Legacy 312","FL","27-09-2019","218"
"Nike Legacy 312","FL","26-09-2019","213"
"Nike Legacy 312","FL","25-09-2019","215"
"Nike Legacy 312","FL","24-09-2019","215"
"Nike Legacy 312","FL","23-09-2019","208"
"Nike Legacy 312","JD","22-10-2019","206"
"Nike Legacy 312","JD","21-10-2019","206"
"Nike Legacy 312","JD","20-10-2019","209"
"Nike Legacy 312","JD","19-10-2019","218"
"Nike Legacy 312","JD","18-10-2019","208"
"Nike Legacy 312","JD","17-10-2019","210"
"Nike Legacy 312","JD","16-10-2019","207"
"Nike Legacy 312","JD","15-10-2019","207"
"Nike Legacy 312","JD","14-10-2019","214"
"Nike Legacy 312","JD","13-10-2019","215"
"Nike Legacy 312","JD","12-10-2019","212"
"Nike Legacy 312","JD","11-10-2019","207"
"Nike Legacy 312","JD","10-10-2019","216"
"Nike Legacy 312","JD","09-10-2019","212"
"Nike Legacy 312","JD","08-10-2019","217"
"Nike Legacy 312","JD","07-10-2019","208"
"Nike Legacy 312","JD","06-10-2019","218"
"Nike Legacy 312","JD","05-10-2019","216"
"Nike Legacy 312","JD","04-10-2019","204"
"Nike Legacy 312","JD","03-10-2019","205"
"Nike Legacy 312","JD","02-10-2019","218"
"Nike Legacy 312","JD","01-10-2019","208"
"Nike Legacy 312","JD","30-09-2019","218"
"Nike Legacy 312","JD","29-09-2019","207"
"Nike Legacy 312","JD","28-09-2019","210"
"Nike Legacy 312","JD","27-09-2019","205"
"Nike Legacy 312","JD","26-09-2019","205"
"Nike Legacy 312","JD","25-09-2019","219"
"Nike Legacy 312","JD","24-09-2019","208"
"Nike Legacy 312","JD","23-09-2019","210"
"Diadora Rebound Ace","NIKE","22-10-2019","148"
"Diadora Rebound Ace","NIKE","21-10-2019","144"
"Diadora Rebound Ace","NIKE","20-10-2019","136"
"Diadora Rebound Ace","NIKE","19-10-2019","134"
"Diadora Rebound Ace","NIKE","18-10-2019","149"
"Diadora Rebound Ace","NIKE","17-10-2019","139"
"Diadora Rebound Ace","NIKE","16-10-2019","149"
"Diadora Rebound Ace","NIKE","15-10-2019","139"
"Diadora Rebound Ace","NIKE","14-10-2019","135"
"Diadora Rebound Ace","NIKE","13-10-2019","135"
"Diadora Rebound Ace","NIKE","12-10-2019","147"
"Diadora Rebound Ace","NIKE","11-10-2019","139"
"Diadora Rebound Ace","NIKE","10-10-2019","134"
"Diadora Rebound Ace","NIKE","09-10-2019","146"
"Diadora Rebound Ace","NIKE","08-10-2019","135"
"Diadora Rebound Ace","NIKE","07-10-2019","141"
"Diadora Rebound Ace","NIKE","06-10-2019","139"
"Diadora Rebound Ace","NIKE","05-10-2019","148"
"Diadora Rebound Ace","NIKE","04-10-2019","134"
"Diadora Rebound Ace","NIKE","03-10-2019","149"
"Diadora Rebound Ace","NIKE","02-10-2019","139"
"Diadora Rebound Ace","NIKE","01-10-2019","144"
"Diadora Rebound Ace","NIKE","30-09-2019","143"
"Diadora Rebound Ace","NIKE","29-09-2019","138"
"Diadora Rebound Ace","NIKE","28-09-2019","147"
"Diadora Rebound Ace","NIKE","27-09-2019","149"
"Diadora Rebound Ace","NIKE","26-09-2019","141"
"Diadora Rebound Ace","NIKE","25-09-2019","138"
"Diadora Rebound Ace","NIKE","24-09-2019","134"
"Diadora Rebound Ace","NIKE","23-09-2019","144"
"Diadora Rebound Ace","FL","22-10-2019","143"
"Diadora Rebound Ace","FL","21-10-2019","139"
"Diadora Rebound Ace","FL","20-10-2019","146"
"Diadora Rebound Ace","FL","19-10-2019","143"
"Diadora Rebound Ace","FL","18-10-2019","142"
"Diadora Rebound Ace","FL","17-10-2019","135"
"Diadora Rebound Ace","FL","16-10-2019","141"
"Diadora Rebound Ace","FL","15-10-2019","145"
"Diadora Rebound Ace","FL","14-10-2019","139"
"Diadora Rebound Ace","FL","13-10-2019","143"
"Diadora Rebound Ace","FL","12-10-2019","138"
"Diadora Rebound Ace","FL","11-10-2019","145"
"Diadora Rebound Ace","FL","10-10-2019","141"
"Diadora Rebound Ace","FL","09-10-2019","145"
"Diadora Rebound Ace","FL","08-10-2019","141"
"Diadora Rebound Ace","FL","07-10-2019","140"
"Diadora Rebound Ace","FL","06-10-2019","147"
"Diadora Rebound Ace","FL","05-10-2019","134"
"Diadora Rebound Ace","FL","04-10-2019","141"
"Diadora Rebound Ace","FL","03-10-2019","147"
"Diadora Rebound Ace","FL","02-10-2019","148"
"Diadora Rebound Ace","FL","01-10-2019","137"
"Diadora Rebound Ace","FL","30-09-2019","138"
"Diadora Rebound Ace","FL","29-09-2019","135"
"Diadora Rebound Ace","FL","28-09-2019","142"
"Diadora Rebound Ace","FL","27-09-2019","146"
"Diadora Rebound Ace","FL","26-09-2019","147"
"Diadora Rebound Ace","FL","25-09-2019","143"
"Diadora Rebound Ace","FL","24-09-2019","145"
"Diadora Rebound Ace","FL","23-09-2019","135"
"Diadora Rebound Ace","JD","22-10-2019","144"
"Diadora Rebound Ace","JD","21-10-2019","143"
"Diadora Rebound Ace","JD","20-10-2019","136"
"Diadora Rebound Ace","JD","19-10-2019","137"
"Diadora Rebound Ace","JD","18-10-2019","136"
"Diadora Rebound Ace","JD","17-10-2019","144"
"Diadora Rebound Ace","JD","16-10-2019","144"
"Diadora Rebound Ace","JD","15-10-2019","146"
"Diadora Rebound Ace","JD","14-10-2019","134"
"Diadora Rebound Ace","JD","13-10-2019","145"
"Diadora Rebound Ace","JD","12-10-2019","145"
"Diadora Rebound Ace","JD","11-10-2019","145"
"Diadora Rebound Ace","JD","10-10-2019","148"
"Diadora Rebound Ace","JD","09-10-2019","138"
"Diadora Rebound Ace","JD","08-10-2019","138"
"Diadora Rebound Ace","JD","07-10-2019","144"
"Diadora Rebound Ace","JD","06-10-2019","149"
"Diadora Rebound Ace","JD","05-10-2019","144"
"Diadora Rebound Ace","JD","04-10-2019","149"
"Diadora Rebound Ace","JD","03-10-2019","146"
"Diadora Rebound Ace","JD","02-10-2019","149"
"Diadora Rebound Ace","JD","01-10-2019","136"
"Diadora Rebound Ace","JD","30-09-2019","145"
"Diadora Rebound Ace","JD","29-09-2019","145"
"Diadora Rebound Ace","JD","28-09-2019","148"
"Diadora Rebound Ace","JD","27-09-2019","149"
"Diadora Rebound Ace","JD","26-09-2019","146"
"Diadora Rebound Ace","JD","25-09-2019","146"
"Diadora Rebound Ace","JD","24-09-2019","137"
"Diadora Rebound Ace","JD","23-09-2019","136"
"Diadora Action","NIKE","22-10-2019","136"
"Diadora Action","NIKE","21-10-2019","136"
"Diadora Action","NIKE","20-10-2019","137"
"Diadora Action","NIKE","19-10-2019","147"
"Diadora Action","NIKE","18-10-2019","134"
"Diadora Action","NIKE","17-10-2019","136"
"Diadora Action","NIKE","16-10-2019","141"
"Diadora Action","NIKE","15-10-2019","144"
"Diadora Action","NIKE","14-10-2019","145"
"Diadora Action","NIKE","13-10-2019","143"
"Diadora Action","NIKE","12-10-2019","138"
"Diadora Action","NIKE","11-10-2019","136"
"Diadora Action","NIKE","10-10-2019","135"
"Diadora Action","NIKE","09-10-2019","136"
"Diadora Action","NIKE","08-10-2019","138"
"Diadora Action","NIKE","07-10-2019","145"
"Diadora Action","NIKE","06-10-2019","148"
"Diadora Action","NIKE","05-10-2019","147"
"Diadora Action","NIKE","04-10-2019","142"
"Diadora Action","NIKE","03-10-2019","143"
"Diadora Action","NIKE","02-10-2019","136"
"Diadora Action","NIKE","01-10-2019","143"
"Diadora Action","NIKE","30-09-2019","149"
"Diadora Action","NIKE","29-09-2019","146"
"Diadora Action","NIKE","28-09-2019","144"
"Diadora Action","NIKE","27-09-2019","146"
"Diadora Action","NIKE","26-09-2019","141"
"Diadora Action","NIKE","25-09-2019","143"
"Diadora Action","NIKE","24-09-2019","142"
"Diadora Action","NIKE","23-09-2019","137"
"Diadora Action","FL","22-10-2019","147"
"Diadora Action","FL","21-10-2019","139"
"Diadora Action","FL","20-10-2019","145"
"Diadora Action","FL","19-10-2019","148"
"Diadora Action","FL","18-10-2019","139"
"Diadora Action","FL","17-10-2019","142"
"Diadora Action","FL","16-10-2019","141"
"Diadora Action","FL","15-10-2019","149"
"Diadora Action","FL","14-10-2019","140"
"Diadora Action","FL","13-10-2019","138"
"Diadora Action","FL","12-10-2019","135"
"Diadora Action","FL","11-10-2019","146"
"Diadora Action","FL","10-10-2019","135"
"Diadora Action","FL","09-10-2019","138"
"Diadora Action","FL","08-10-2019","142"
"Diadora Action","FL","07-10-2019","145"
"Diadora Action","FL","06-10-2019","142"
"Diadora Action","FL","05-10-2019","146"
"Diadora Action","FL","04-10-2019","146"
"Diadora Action","FL","03-10-2019","136"
"Diadora Action","FL","02-10-2019","140"
"Diadora Action","FL","01-10-2019","147"
"Diadora Action","FL","30-09-2019","138"
"Diadora Action","FL","29-09-2019","135"
"Diadora Action","FL","28-09-2019","145"
"Diadora Action","FL","27-09-2019","141"
"Diadora Action","FL","26-09-2019","147"
"Diadora Action","FL","25-09-2019","139"
"Diadora Action","FL","24-09-2019","135"
"Diadora Action","FL","23-09-2019","143"
"Diadora Action","JD","22-10-2019","136"
"Diadora Action","JD","21-10-2019","145"
"Diadora Action","JD","20-10-2019","135"
"Diadora Action","JD","19-10-2019","139"
"Diadora Action","JD","18-10-2019","138"
"Diadora Action","JD","17-10-2019","138"
"Diadora Action","JD","16-10-2019","147"
"Diadora Action","JD","15-10-2019","145"
"Diadora Action","JD","14-10-2019","136"
"Diadora Action","JD","13-10-2019","136"
"Diadora Action","JD","12-10-2019","149"
"Diadora Action","JD","11-10-2019","137"
"Diadora Action","JD","10-10-2019","134"
"Diadora Action","JD","09-10-2019","137"
"Diadora Action","JD","08-10-2019","145"
"Diadora Action","JD","07-10-2019","134"
"Diadora Action","JD","06-10-2019","142"
"Diadora Action","JD","05-10-2019","144"
"Diadora Action","JD","04-10-2019","135"
"Diadora Action","JD","03-10-2019","139"
"Diadora Action","JD","02-10-2019","139"
"Diadora Action","JD","01-10-2019","148"
"Diadora Action","JD","30-09-2019","140"
"Diadora Action","JD","29-09-2019","134"
"Diadora Action","JD","28-09-2019","136"
"Diadora Action","JD","27-09-2019","144"
"Diadora Action","JD","26-09-2019","141"
"Diadora Action","JD","25-09-2019","138"
"Diadora Action","JD","24-09-2019","135"
"Diadora Action","JD","23-09-2019","138"
"Diadora Game Low","NIKE","22-10-2019","127"
"Diadora Game Low","NIKE","21-10-2019","137"
"Diadora Game Low","NIKE","20-10-2019","139"
"Diadora Game Low","NIKE","19-10-2019","124"
"Diadora Game Low","NIKE","18-10-2019","127"
"Diadora Game Low","NIKE","17-10-2019","131"
"Diadora Game Low","NIKE","16-10-2019","128"
"Diadora Game Low","NIKE","15-10-2019","126"
"Diadora Game Low","NIKE","14-10-2019","135"
"Diadora Game Low","NIKE","13-10-2019","136"
"Diadora Game Low","NIKE","12-10-2019","131"
"Diadora Game Low","NIKE","11-10-2019","131"
"Diadora Game Low","NIKE","10-10-2019","127"
"Diadora Game Low","NIKE","09-10-2019","131"
"Diadora Game Low","NIKE","08-10-2019","137"
"Diadora Game Low","NIKE","07-10-2019","139"
"Diadora Game Low","NIKE","06-10-2019","136"
"Diadora Game Low","NIKE","05-10-2019","132"
"Diadora Game Low","NIKE","04-10-2019","137"
"Diadora Game Low","NIKE","03-10-2019","132"
"Diadora Game Low","NIKE","02-10-2019","131"
"Diadora Game Low","NIKE","01-10-2019","132"
"Diadora Game Low","NIKE","30-09-2019","136"
"Diadora Game Low","NIKE","29-09-2019","126"
"Diadora Game Low","NIKE","28-09-2019","126"
"Diadora Game Low","NIKE","27-09-2019","133"
"Diadora Game Low","NIKE","26-09-2019","126"
"Diadora Game Low","NIKE","25-09-2019","126"
"Diadora Game Low","NIKE","24-09-2019","128"
"Diadora Game Low","NIKE","23-09-2019","139"
"Diadora Game Low","FL","22-10-2019","135"
"Diadora Game Low","FL","21-10-2019","136"
"Diadora Game Low","FL","20-10-2019","124"
"Diadora Game Low","FL","19-10-2019","138"
"Diadora Game Low","FL","18-10-2019","127"
"Diadora Game Low","FL","17-10-2019","129"
"Diadora Game Low","FL","16-10-2019","133"
"Diadora Game Low","FL","15-10-2019","136"
"Diadora Game Low","FL","14-10-2019","137"
"Diadora Game Low","FL","13-10-2019","130"
"Diadora Game Low","FL","12-10-2019","138"
"Diadora Game Low","FL","11-10-2019","126"
"Diadora Game Low","FL","10-10-2019","137"
"Diadora Game Low","FL","09-10-2019","125"
"Diadora Game Low","FL","08-10-2019","125"
"Diadora Game Low","FL","07-10-2019","124"
"Diadora Game Low","FL","06-10-2019","124"
"Diadora Game Low","FL","05-10-2019","132"
"Diadora Game Low","FL","04-10-2019","134"
"Diadora Game Low","FL","03-10-2019","127"
"Diadora Game Low","FL","02-10-2019","128"
"Diadora Game Low","FL","01-10-2019","137"
"Diadora Game Low","FL","30-09-2019","126"
"Diadora Game Low","FL","29-09-2019","124"
"Diadora Game Low","FL","28-09-2019","135"
"Diadora Game Low","FL","27-09-2019","128"
"Diadora Game Low","FL","26-09-2019","134"
"Diadora Game Low","FL","25-09-2019","137"
"Diadora Game Low","FL","24-09-2019","131"
"Diadora Game Low","FL","23-09-2019","134"
"Diadora Game Low","JD","22-10-2019","134"
"Diadora Game Low","JD","21-10-2019","138"
"Diadora Game Low","JD","20-10-2019","125"
"Diadora Game Low","JD","19-10-2019","137"
"Diadora Game Low","JD","18-10-2019","124"
"Diadora Game Low","JD","17-10-2019","127"
"Diadora Game Low","JD","16-10-2019","138"
"Diadora Game Low","JD","15-10-2019","132"
"Diadora Game Low","JD","14-10-2019","126"
"Diadora Game Low","JD","13-10-2019","133"
"Diadora Game Low","JD","12-10-2019","136"
"Diadora Game Low","JD","11-10-2019","132"
"Diadora Game Low","JD","10-10-2019","134"
"Diadora Game Low","JD","09-10-2019","133"
"Diadora Game Low","JD","08-10-2019","127"
"Diadora Game Low","JD","07-10-2019","129"
"Diadora Game Low","JD","06-10-2019","139"
"Diadora Game Low","JD","05-10-2019","129"
"Diadora Game Low","JD","04-10-2019","138"
"Diadora Game Low","JD","03-10-2019","137"
"Diadora Game Low","JD","02-10-2019","139"
"Diadora Game Low","JD","01-10-2019","128"
"Diadora Game Low","JD","30-09-2019","136"
"Diadora Game Low","JD","29-09-2019","129"
"Diadora Game Low","JD","28-09-2019","131"
"Diadora Game Low","JD","27-09-2019","134"
"Diadora Game Low","JD","26-09-2019","132"
"Diadora Game Low","JD","25-09-2019","134"
"Diadora Game Low","JD","24-09-2019","134"
"Diadora Game Low","JD","23-09-2019","137"
"Nike Spizike","NIKE","22-10-2019","246"
"Nike Spizike","NIKE","21-10-2019","234"
"Nike Spizike","NIKE","20-10-2019","236"
"Nike Spizike","NIKE","19-10-2019","245"
"Nike Spizike","NIKE","18-10-2019","240"
"Nike Spizike","NIKE","17-10-2019","245"
"Nike Spizike","NIKE","16-10-2019","246"
"Nike Spizike","NIKE","15-10-2019","243"
"Nike Spizike","NIKE","14-10-2019","236"
"Nike Spizike","NIKE","13-10-2019","235"
"Nike Spizike","NIKE","12-10-2019","235"
"Nike Spizike","NIKE","11-10-2019","238"
"Nike Spizike","NIKE","10-10-2019","236"
"Nike Spizike","NIKE","09-10-2019","245"
"Nike Spizike","NIKE","08-10-2019","246"
"Nike Spizike","NIKE","07-10-2019","238"
"Nike Spizike","NIKE","06-10-2019","236"
"Nike Spizike","NIKE","05-10-2019","242"
"Nike Spizike","NIKE","04-10-2019","248"
"Nike Spizike","NIKE","03-10-2019","238"
"Nike Spizike","NIKE","02-10-2019","234"
"Nike Spizike","NIKE","01-10-2019","248"
"Nike Spizike","NIKE","30-09-2019","245"
"Nike Spizike","NIKE","29-09-2019","236"
"Nike Spizike","NIKE","28-09-2019","239"
"Nike Spizike","NIKE","27-09-2019","246"
"Nike Spizike","NIKE","26-09-2019","242"
"Nike Spizike","NIKE","25-09-2019","243"
"Nike Spizike","NIKE","24-09-2019","234"
"Nike Spizike","NIKE","23-09-2019","247"
"Nike Spizike","FL","22-10-2019","237"
"Nike Spizike","FL","21-10-2019","235"
"Nike Spizike","FL","20-10-2019","242"
"Nike Spizike","FL","19-10-2019","241"
"Nike Spizike","FL","18-10-2019","243"
"Nike Spizike","FL","17-10-2019","243"
"Nike Spizike","FL","16-10-2019","242"
"Nike Spizike","FL","15-10-2019","248"
"Nike Spizike","FL","14-10-2019","236"
"Nike Spizike","FL","13-10-2019","240"
"Nike Spizike","FL","12-10-2019","236"
"Nike Spizike","FL","11-10-2019","249"
"Nike Spizike","FL","10-10-2019","240"
"Nike Spizike","FL","09-10-2019","236"
"Nike Spizike","FL","08-10-2019","245"
"Nike Spizike","FL","07-10-2019","248"
"Nike Spizike","FL","06-10-2019","240"
"Nike Spizike","FL","05-10-2019","239"
"Nike Spizike","FL","04-10-2019","239"
"Nike Spizike","FL","03-10-2019","240"
"Nike Spizike","FL","02-10-2019","238"
"Nike Spizike","FL","01-10-2019","236"
"Nike Spizike","FL","30-09-2019","243"
"Nike Spizike","FL","29-09-2019","235"
"Nike Spizike","FL","28-09-2019","245"
"Nike Spizike","FL","27-09-2019","241"
"Nike Spizike","FL","26-09-2019","240"
"Nike Spizike","FL","25-09-2019","244"
"Nike Spizike","FL","24-09-2019","248"
"Nike Spizike","FL","23-09-2019","237"
"Nike Spizike","JD","22-10-2019","236"
"Nike Spizike","JD","21-10-2019","239"
"Nike Spizike","JD","20-10-2019","248"
"Nike Spizike","JD","19-10-2019","236"
"Nike Spizike","JD","18-10-2019","242"
"Nike Spizike","JD","17-10-2019","237"
"Nike Spizike","JD","16-10-2019","234"
"Nike Spizike","JD","15-10-2019","247"
"Nike Spizike","JD","14-10-2019","249"
"Nike Spizike","JD","13-10-2019","234"
"Nike Spizike","JD","12-10-2019","240"
"Nike Spizike","JD","11-10-2019","249"
"Nike Spizike","JD","10-10-2019","235"
"Nike Spizike","JD","09-10-2019","237"
"Nike Spizike","JD","08-10-2019","245"
"Nike Spizike","JD","07-10-2019","243"
"Nike Spizike","JD","06-10-2019","234"
"Nike Spizike","JD","05-10-2019","248"
"Nike Spizike","JD","04-10-2019","234"
"Nike Spizike","JD","03-10-2019","240"
"Nike Spizike","JD","02-10-2019","247"
"Nike Spizike","JD","01-10-2019","239"
"Nike Spizike","JD","30-09-2019","238"
"Nike Spizike","JD","29-09-2019","239"
"Nike Spizike","JD","28-09-2019","236"
"Nike Spizike","JD","27-09-2019","245"
"Nike Spizike","JD","26-09-2019","236"
"Nike Spizike","JD","25-09-2019","237"
"Nike Spizike","JD","24-09-2019","241"
"Nike Spizike","JD","23-09-2019","249"